Chemical elements,Mx4rvVkIuZwpEbGdrcN5Y29ycA,ElementStuff
Chess players,Mx4rvViAkpwpEbGdrcN5Y29ycA,Person
Physics,Mx4rvVi3_JwpEbGdrcN5Y29ycA,ScientificFieldOfStudy,Mx4rvViOapwpEbGdrcN5Y29ycA,Physics
Optics,Mx4rvVi3_JwpEbGdrcN5Y29ycA,ScientificFieldOfStudy,Mx4rqs8mVL8bEdmAAAACs6hRjg,AttributeCharacteristicOfAnEntity
Statistics,Mx4rvVjHd5wpEbGdrcN5Y29ycA,Mathematics
Keyboard instruments,Mx4rvVjI6JwpEbGdrcN5Y29ycA,MusicalInstrument
Social sciences,Mx4rvgPZF5wpEbGdrcN5Y29ycA,SocialScienceType
Chess openings,Mx4r4CJeFrviEdmAAAACs6hRjg,Organization-AnimalActivity
Aromatic hydrocarbons,Mx4rvkgfqJwpEbGdrcN5Y29ycA,Hydrocarbon
Baseball leagues,Mx4rvVjbp5wpEbGdrcN5Y29ycA,SportsLeague
Partial differential equations,Mx4rLoJQoM3nEdmAAAACs6hRjg,DifferentialEquation
Jazz musicians,Mx4rvVjqXpwpEbGdrcN5Y29ycA,MusicalPerformer
Mass media,Mx4rvViN65wpEbGdrcN5Y29ycA,HumanActivity
Natural sciences,Mx4rvVi3_JwpEbGdrcN5Y29ycA,ScientificFieldOfStudy
Applied sciences,Mx4rvVimNZwpEbGdrcN5Y29ycA,EngineeringField
Atomic physics,Mx4rvVi3_JwpEbGdrcN5Y29ycA,ScientificFieldOfStudy
Minor planets,Mx4rvVjB1JwpEbGdrcN5Y29ycA,Asteroid
Wales,Mx4rvVitvJwpEbGdrcN5Y29ycA,Wales
Logical fallacies,Mx4rYE1C0EPuQdmEO6TZe_7NPA,Idea
Database management systems,Mx4rwJxiRJwpEbGdrcN5Y29ycA,ComputerProgram-CW
Speed skaters,Mx4rvVi--5wpEbGdrcN5Y29ycA,Athlete
Literary critics,Mx4rxLwPEBPHQdiOxIH5gWCidg,Critic
Legendary creatures,Mx4rQTYcWMsYEdmAAAACs6hRjg,MythicalMonster
Home computers,Mx4rvVjXzZwpEbGdrcN5Y29ycA,Computer
Art critics,Mx4rxLwPEBPHQdiOxIH5gWCidg,Critic
War gods,Mx4rvVjrCJwpEbGdrcN5Y29ycA,God
Chad,Mx4rvVibNJwpEbGdrcN5Y29ycA,Paper,Mx4rvVi4IpwpEbGdrcN5Y29ycA,Lake,Mx4rvViCj5wpEbGdrcN5Y29ycA,Chad,Mx4rvVifuZwpEbGdrcN5Y29ycA,AfroasiaticLanguageFamily
Rock operas,Mx4rcNoo_rtWEdmAAAACs6hRjg,InstrumentalArtifact
Peace treaties,Mx4rwD8ghJwpEbGdrcN5Y29ycA,Treaty
Concept albums,Mx4rcNoo_rtWEdmAAAACs6hRjg,InstrumentalArtifact
Tribute albums,Mx4rcNoo_rtWEdmAAAACs6hRjg,InstrumentalArtifact
Gauls,Mx4rwQw1P5wpEbGdrcN5Y29ycA,FrenchPerson,Mx4rv9HQxJwpEbGdrcN5Y29ycA,EthnicGroupOfCelts,Mx4rvViACZwpEbGdrcN5Y29ycA,GeographicalRegion
Tricyclic antidepressants,Mx4rvWUZl5wpEbGdrcN5Y29ycA,Antidepressant
Monoamine oxidase inhibitors,Mx4rvWUZl5wpEbGdrcN5Y29ycA,Antidepressant
Food additives,Mx4rvVid6ZwpEbGdrcN5Y29ycA,PhysicalPartOfObject
Sex manuals,Mx4rvVjKoJwpEbGdrcN5Y29ycA,ReferenceWork
Sensory receptors,Mx4rwP3iWpwpEbGdrcN5Y29ycA,Organ
Folk singers,Mx4rvVjiz5wpEbGdrcN5Y29ycA,Singer
Folk songs,Mx4rvuj-7pwpEbGdrcN5Y29ycA,FolkMusic
Christmas carols,Mx4rvs1UZpwpEbGdrcN5Y29ycA,GospelMusic
Political theories,Mx4rvVjUHpwpEbGdrcN5Y29ycA,PoliticalBeliefSystem
Privy councils,Mx4rVZ_1Bsb-EdmAAAACs6hRjg,AdministrativeUnit
Heterocyclic compounds,Mx4rvVjNlZwpEbGdrcN5Y29ycA,ChemicalSubstanceType
Platonic solids,Mx4rqs8mVL8bEdmAAAACs6hRjg,AttributeCharacteristicOfAnEntity
Classical mechanics,Mx4rvVi3_JwpEbGdrcN5Y29ycA,ScientificFieldOfStudy
Music critics,Mx4rxLwPEBPHQdiOxIH5gWCidg,Critic
Nursery rhymes,Mx4rwITjK5wpEbGdrcN5Y29ycA,Message-CW
Chemical properties,Mx4rqs8mVL8bEdmAAAACs6hRjg,AttributeCharacteristicOfAnEntity
Metaphysics,Mx4rvg1vRZwpEbGdrcN5Y29ycA,Metaphysics
Attack aircraft,Mx4rvVj-A5wpEbGdrcN5Y29ycA,FighterPlane
Civil services,Mx4rFNOiCMvnEdaAAAACs0uFOQ,AdministrativeDepartment
Alps,Mx4rvVkGoJwpEbGdrcN5Y29ycA,Alps-Mountains
Stealth aircraft,Mx4rvViuUJwpEbGdrcN5Y29ycA,AirTransportationDevice
Stochastic processes,Mx4rcAmbiMb8EdmAAAACs6hRjg,Concept
Automobile engines,Mx4rvVjfm5wpEbGdrcN5Y29ycA,AutoEngine
Tank destroyers,Mx4rwHLvC5wpEbGdrcN5Y29ycA,WheeledTransportationDevice
Armoured personnel carriers,Mx4rwHLvC5wpEbGdrcN5Y29ycA,WheeledTransportationDevice
Greenhouse gases,Mx4rvVjFK5wpEbGdrcN5Y29ycA,GaseousTangibleThing
Pediatrics,Mx4rvVixL5wpEbGdrcN5Y29ycA,Medicine-FieldOfStudy
Special effects,Mx4rYE1C0EPuQdmEO6TZe_7NPA,Idea
1940s,Mx4rvVj_NpwpEbGdrcN5Y29ycA,DecadesDuration
1930s,Mx4rvVj_NpwpEbGdrcN5Y29ycA,DecadesDuration
1920s,Mx4rvVj_NpwpEbGdrcN5Y29ycA,DecadesDuration
1960s,Mx4rvVj_NpwpEbGdrcN5Y29ycA,DecadesDuration
1950s,Mx4rvVj_NpwpEbGdrcN5Y29ycA,DecadesDuration
1980s,Mx4rvVj_NpwpEbGdrcN5Y29ycA,DecadesDuration
1970s,Mx4rvVj_NpwpEbGdrcN5Y29ycA,DecadesDuration
1990s,Mx4rvVj_NpwpEbGdrcN5Y29ycA,DecadesDuration
Molecular biologists,Mx4rvVikRZwpEbGdrcN5Y29ycA,Biologist
Phonetics,Mx4rvViOapwpEbGdrcN5Y29ycA,Physics
Baseball managers,Mx4rvVjlaJwpEbGdrcN5Y29ycA,SportsCoach
Theatre directors,Mx4r42_KFhrIQdiRQfhXDZ7-QQ,Supervisor
Recorder players,Mx4rvVjqXpwpEbGdrcN5Y29ycA,MusicalPerformer
Electronics companies,Mx4rvVjQNpwpEbGdrcN5Y29ycA,Business
Automotive technologies,Mx4rvViNqpwpEbGdrcN5Y29ycA,AnimalActivity
Grammatical cases,Mx4rvVjmoJwpEbGdrcN5Y29ycA,Group
Yogis,Mx4rvVkI5ZwpEbGdrcN5Y29ycA,BaseballPlayer,Mx4rvVjuapwpEbGdrcN5Y29ycA,Philosopher
Military academies,Mx4rpo0ncHqGQdeOwLvZU0r7Hw,SchoolInstitution
Housing estates,Mx4rwMAYTJwpEbGdrcN5Y29ycA,CountrySubsidiary
Dumplings,Mx4rvVjElJwpEbGdrcN5Y29ycA,SolidTangibleThing
Dynamical systems,Mx4rS9kMxmVbQdeRjr0jkUDKsw,SpatialQuantity
Celestial mechanics,Mx4rvVkIA5wpEbGdrcN5Y29ycA,Astronomy
1890s,Mx4rvVj_NpwpEbGdrcN5Y29ycA,DecadesDuration
1880s,Mx4rvVj_NpwpEbGdrcN5Y29ycA,DecadesDuration
1860s,Mx4rvVj_NpwpEbGdrcN5Y29ycA,DecadesDuration
1790s,Mx4rvVj_NpwpEbGdrcN5Y29ycA,DecadesDuration
1820s,Mx4rvVj_NpwpEbGdrcN5Y29ycA,DecadesDuration
1840s,Mx4rvVj_NpwpEbGdrcN5Y29ycA,DecadesDuration
1870s,Mx4rvVj_NpwpEbGdrcN5Y29ycA,DecadesDuration
1850s,Mx4rvVj_NpwpEbGdrcN5Y29ycA,DecadesDuration
Hospital ships,Mx4rvVirIJwpEbGdrcN5Y29ycA,Ship
Measuring instruments,Mx4rTMBVhL2oEdmAAAACs6hRjg,DeviceRequiringSkillForProperUse
Markup languages,Mx4rvVjkrpwpEbGdrcN5Y29ycA,LexicalWord
1780s,Mx4rvVj_NpwpEbGdrcN5Y29ycA,DecadesDuration
0s,Mx4rvVkGUpwpEbGdrcN5Y29ycA,Numeral
1530s,Mx4rvVj_NpwpEbGdrcN5Y29ycA,DecadesDuration
1750s,Mx4rvVj_NpwpEbGdrcN5Y29ycA,DecadesDuration
1760s,Mx4rvVj_NpwpEbGdrcN5Y29ycA,DecadesDuration
1770s,Mx4rvVj_NpwpEbGdrcN5Y29ycA,DecadesDuration
Long-distance runners,Mx4rvVkEZZwpEbGdrcN5Y29ycA,Runner
Ghost towns,Mx4rvuXm9JwpEbGdrcN5Y29ycA,Town
Art schools,Mx4rvVjifZwpEbGdrcN5Y29ycA,SchoolBuilding
Wainwrights,Mx4rvVie_pwpEbGdrcN5Y29ycA,CraftWorker
Fictional animals,Mx4r5lNPkMLgQdeAzr878CoUZw,NonHumanAnimal
Query languages,Mx4rvVj0iZwpEbGdrcN5Y29ycA,Language
Trade unionists,Mx4rvVjnN5wpEbGdrcN5Y29ycA,PersonWithOccupation
Practical jokes,Mx4rwP1ep5wpEbGdrcN5Y29ycA,Prank
Benedictines,Mx4rvVj4GZwpEbGdrcN5Y29ycA,ReligiousPerson,Mx4rvVjIe5wpEbGdrcN5Y29ycA,AlcoholicBeverage
Consumer goods,Mx4rvViSe5wpEbGdrcN5Y29ycA,CommodityProduct
Centaurs,Mx4rQTYcWMsYEdmAAAACs6hRjg,MythicalMonster,Mx4rvlNDTZwpEbGdrcN5Y29ycA,Centaurus-Constellation
Odd-toed ungulates,Mx4rwNRjvpwpEbGdrcN5Y29ycA,Eutheria
Even-toed ungulates,Mx4rwNRjvpwpEbGdrcN5Y29ycA,Eutheria
Collared lizards,Mx4rvVjwr5wpEbGdrcN5Y29ycA,Lizard
Legless lizards,Mx4rvVjwr5wpEbGdrcN5Y29ycA,Lizard
Monitor lizards,Mx4rvVjwr5wpEbGdrcN5Y29ycA,Lizard
Historical documents,Mx4rvViJNJwpEbGdrcN5Y29ycA,HistoricalNarrative
Torpedo boats,Mx4rvVirIJwpEbGdrcN5Y29ycA,Ship
Rating systems,Mx4rv9Xu1ZwpEbGdrcN5Y29ycA,System
Lungfish,Mx4rvVjfU5wpEbGdrcN5Y29ycA,Fish
Social movements,Mx4rwQBJX5wpEbGdrcN5Y29ycA,IdeologicalOrganization
Court orders,Mx4rwRPow5wpEbGdrcN5Y29ycA,LegalDocument
Ocean currents,Mx4rvVkEhJwpEbGdrcN5Y29ycA,FluidFlow-Translation
Mystery novels,Mx4rvViJb5wpEbGdrcN5Y29ycA,Novel-CW
Geological processes,Mx4rvVi255wpEbGdrcN5Y29ycA,SomethingExisting
Conjoined twins,Mx8NhB4rvcD6KJwpEbGdrcN5Y29ycB4rvViwMZwpEbGdrcN5Y29ycB4rvVjj6ZwpEbGdrcN5Y29ycB4rvViAkpwpEbGdrcN5Y29ycA,"[:SubcollectionOfWithRelationFromTypeFn, :Animal, :siblings, :Person]"
Quakers,Mx4rwQB295wpEbGdrcN5Y29ycA,ChristianPerson,Mx4rvViAkpwpEbGdrcN5Y29ycA,Person,Mx4rwJGH5JwpEbGdrcN5Y29ycA,ReligiousDenomination
Statistical mechanics,Mx4rvVi3_JwpEbGdrcN5Y29ycA,ScientificFieldOfStudy
Electoral systems,Mx4rvViB_5wpEbGdrcN5Y29ycA,Strategy
Voting systems,Mx4rvViB_5wpEbGdrcN5Y29ycA,Strategy
Congenital disorders,Mx4rqs8mVL8bEdmAAAACs6hRjg,AttributeCharacteristicOfAnEntity
Metabolic disorders,Mx4rwQw4WZwpEbGdrcN5Y29ycA,PhysiologicalCondition
Magic squares,Mx4rvVjmoJwpEbGdrcN5Y29ycA,Group
Mass murderers,Mx4rv1UvdZwpEbGdrcN5Y29ycA,Murderer
Conic sections,Mx4rvVjCpZwpEbGdrcN5Y29ycA,TwoDimensionalGeometricThing
Mnemonics,Mx4r-c445joZQdeL9clHkSkN2A,TechniqueType
Wave mechanics,Mx4rvdXMfZwpEbGdrcN5Y29ycA,QuantumMechanics
Multiple stars,Mx4rvVi80ZwpEbGdrcN5Y29ycA,Star
Time capsules,Mx4rvVjOGJwpEbGdrcN5Y29ycA,Container
Corporal punishments,Mx4rvViN65wpEbGdrcN5Y29ycA,HumanActivity
Ball games,Mx4rvVix1pwpEbGdrcN5Y29ycA,BaseballGame
Interior designers,Mx4rMfyegBlCQdiI3YxKBaY5Iw,Specialist
Underwater divers,Mx4rvVkFYZwpEbGdrcN5Y29ycA,Explorer
Humanities,Mx4rvVi3N5wpEbGdrcN5Y29ycA,FieldOfStudy
Place names,Mx4rvVjokpwpEbGdrcN5Y29ycA,ProperNameString
Political scientists,Mx4rPgKexCtlEdiUgQAH6RYvSQ,Sociologist
Jazz festivals,Mx4rvVjgzpwpEbGdrcN5Y29ycA,RecreationalActivity
Middle Ages,Mx4rwEaQFpwpEbGdrcN5Y29ycA,HistoricPeriod
Proverbs,Mx4rvVjmq5wpEbGdrcN5Y29ycA,Book-CW
New World monkeys,Mx4rvVjta5wpEbGdrcN5Y29ycA,Monkey
Plasma physics,Mx4rvVi3_JwpEbGdrcN5Y29ycA,ScientificFieldOfStudy
Costume designers,Mx4rwJRcvJwpEbGdrcN5Y29ycA,FashionDesigner
Assault guns,Mx4rvVucDpwpEbGdrcN5Y29ycA,AssaultRifle,Mx4rwHLvC5wpEbGdrcN5Y29ycA,WheeledTransportationDevice
Particle physics,Mx4rvVi3_JwpEbGdrcN5Y29ycA,ScientificFieldOfStudy
Classical scholars,Mx4ricIx-Bk3QdifDqwFbZVelw,Scholar
Particle detectors,Mx4rvVidpZwpEbGdrcN5Y29ycA,ConstructionArtifact
Papal bulls,Mx4rwRPow5wpEbGdrcN5Y29ycA,LegalDocument
Shotgun shells,Mx4rvVj8V5wpEbGdrcN5Y29ycA,Weapon
Art historians,Mx4rzefuqhraQdiadPWaPbbhRw,Historian
Private schools,Mx4rpo0ncHqGQdeOwLvZU0r7Hw,SchoolInstitution
Pole vaulters,Mx4rvVi--5wpEbGdrcN5Y29ycA,Athlete
Election commissions,Mx4rvaG5hJwpEbGdrcN5Y29ycA,Committee-Organization
Plant families,Mx4rvVjLLJwpEbGdrcN5Y29ycA,BiologicalFamily
Aquatic plants,Mx4rvVjaO5wpEbGdrcN5Y29ycA,TracheophytaDivision
Food colorings,Mx4rvVi9i5wpEbGdrcN5Y29ycA,Food
Music schools,Mx4rpo0ncHqGQdeOwLvZU0r7Hw,SchoolInstitution,Mx4rvVjifZwpEbGdrcN5Y29ycA,SchoolBuilding
Rocket fuels,Mx4rvgESN5wpEbGdrcN5Y29ycA,ExplosiveMaterial
Sounding rockets,Mx4rwQwoMJwpEbGdrcN5Y29ycA,RocketPropelledTransportationDevice
Assembly languages,Mx4rvVjC6pwpEbGdrcN5Y29ycA,AbstractProgrammingLanguage
Red-light districts,Mx4rwMAYTJwpEbGdrcN5Y29ycA,CountrySubsidiary
Stock market indices,Mx4rwSiXsJwpEbGdrcN5Y29ycA,Index-IndicatorOrMeasure
White sauces,Mx4rvVirapwpEbGdrcN5Y29ycA,Sauce
Brown sauces,Mx4rvVirapwpEbGdrcN5Y29ycA,Sauce
Yacht clubs,Mx4rv4ohjpwpEbGdrcN5Y29ycA,Club-Organization
Nuclear-powered ships,Mx4rvVirIJwpEbGdrcN5Y29ycA,Ship
Bachelor's degrees,Mx4rvVip-pwpEbGdrcN5Y29ycA,EducationalDegree
Master's degrees,Mx4rvVip-pwpEbGdrcN5Y29ycA,EducationalDegree
Fluid mechanics,Mx4rvVi3_JwpEbGdrcN5Y29ycA,ScientificFieldOfStudy
Tap dancers,Mx4rvVjgjJwpEbGdrcN5Y29ycA,Dancer-Performer
Facial expressions,Mx4rvViexZwpEbGdrcN5Y29ycA,Communicating,Mx4rvVi7LJwpEbGdrcN5Y29ycA,hasPhysicalAttractiveness
Blood sports,Mx4rvgH-XZwpEbGdrcN5Y29ycA,AthleticActivity
Civil rights activists,Mx4rvViAkpwpEbGdrcN5Y29ycA,Person
Industrial processes,Mx4rvVi255wpEbGdrcN5Y29ycA,SomethingExisting
Portable computers,Mx4rvVitf5wpEbGdrcN5Y29ycA,PersonalComputer
Labour parties,Mx4rvVj82pwpEbGdrcN5Y29ycA,PoliticalParty
Railway lines,Mx4rwQr0aZwpEbGdrcN5Y29ycA,RailwayOrganization,Mx4rvyNjbZwpEbGdrcN5Y29ycA,Roadway
Pontoon bridges,Mx4rvgD1IZwpEbGdrcN5Y29ycA,Bridge
Brass bands,Mx4rvgEZGJwpEbGdrcN5Y29ycA,Band-MusicGroup
Arts and crafts,Mx4rvViNqpwpEbGdrcN5Y29ycA,AnimalActivity
Ergonomics,Mx4rwO8Ut5wpEbGdrcN5Y29ycA,Ergonomics
Secret societies,Mx4rwH-3XJwpEbGdrcN5Y29ycA,Association
Rail technologies,Mx4rvViNqpwpEbGdrcN5Y29ycA,AnimalActivity
Nonce words,Mx4rvVjkrpwpEbGdrcN5Y29ycA,LexicalWord
Service industries,Mx4rvVjiyJwpEbGdrcN5Y29ycA,Industry-Localized
Commodity exchanges,Mx4rvViJnJwpEbGdrcN5Y29ycA,Workplace
Steam locomotives,Mx4rvZJQDJwpEbGdrcN5Y29ycA,TrainEngine
Ephemera,Mx4rvViAw5wpEbGdrcN5Y29ycA,TimeInterval
Enterobacteria,Mx4rvVjU-5wpEbGdrcN5Y29ycA,Bacterium
War crimes,Mx4rwQrrDJwpEbGdrcN5Y29ycA,CriminalAct
Lobe-finned fish,Mx4rvVjfU5wpEbGdrcN5Y29ycA,Fish
Poisonous plants,Mx4rvVjG4ZwpEbGdrcN5Y29ycA,Plant
Garden plants,Mx4rvVjG4ZwpEbGdrcN5Y29ycA,Plant
Lari,Mx4rvViDxZwpEbGdrcN5Y29ycA,UnitOfMoney,Mx4rvVjjKZwpEbGdrcN5Y29ycA,BiologicalOrder
Ritual dances,Mx4rvVjgzpwpEbGdrcN5Y29ycA,RecreationalActivity
Secondary sexual characteristics,Mx4rcAmbiMb8EdmAAAACs6hRjg,Concept
New towns,Mx4rvVjK7JwpEbGdrcN5Y29ycA,UrbanArea
Aromatic compounds,Mx4rvkgfqJwpEbGdrcN5Y29ycA,Hydrocarbon
Living arrangements,Mx4rv9Xu1ZwpEbGdrcN5Y29ycA,System
Diesel locomotives,Mx4rvZJQDJwpEbGdrcN5Y29ycA,TrainEngine
Electric locomotives,Mx4rvZJQDJwpEbGdrcN5Y29ycA,TrainEngine
Dissociative disorders,Mx4rqs8mVL8bEdmAAAACs6hRjg,AttributeCharacteristicOfAnEntity
Personality disorders,Mx4rwQw4WZwpEbGdrcN5Y29ycA,PhysiologicalCondition
Anxiety disorders,Mx4rwQw4WZwpEbGdrcN5Y29ycA,PhysiologicalCondition
Number theorists,Mx4rvVkB15wpEbGdrcN5Y29ycA,Mathematician
Funicular railways,Mx4rwQr0aZwpEbGdrcN5Y29ycA,RailwayOrganization
Toll bridges,Mx4rvgD1IZwpEbGdrcN5Y29ycA,Bridge
War dances,Mx4rvVjgzpwpEbGdrcN5Y29ycA,RecreationalActivity
Fiber bundles,Mx4rvViAHJwpEbGdrcN5Y29ycA,AnimalBodyPart
Plastic arts,Mx4rvVjHuJwpEbGdrcN5Y29ycA,ArtObject
Giant stars,Mx4rvVi80ZwpEbGdrcN5Y29ycA,Star
Life peers,Mx8Ngh4rvszjQ5wpEbGdrcN5Y29ycA2DHiu9WOR2nCkRsZ2tw3ljb3JwHiu9WNahnCkRsZ2tw3ljb3JwHiu-MdnwnCkRsZ2tw3ljb3Jw,"[:CollectionIntersectionFn, [:TheSet, :MaleHuman, :Aristocrat]]"
Ski jumpers,Mx4rvVi--5wpEbGdrcN5Y29ycA,Athlete
Power laws,Mx4rfXVGXqVLEdqAAAACs6hRXg,LawOfNature
Industrial parks,Mx4rvVjQsJwpEbGdrcN5Y29ycA,Ground
Phonetic alphabets,Mx4rvVkJwpwpEbGdrcN5Y29ycA,WritingSymbolCharacterSet
Double agents,Mx8NhB4rwP1IC5wpEbGdrcN5Y29ycB4rvViAkpwpEbGdrcN5Y29ycB4rvVzG25wpEbGdrcN5Y29ycB4rvVinb5wpEbGdrcN5Y29ycA,"[:SubcollectionOfWithRelationToTypeFn, :Person, :represents, :IntelligentAgent]"
Recording studios,Mx4rvViJnJwpEbGdrcN5Y29ycA,Workplace
Geriatrics,Mx4rvVixL5wpEbGdrcN5Y29ycA,Medicine-FieldOfStudy
Large numbers,Mx4rvVjuYJwpEbGdrcN5Y29ycA,PhysicalAmountSlot
Furniture makers,Mx4rvVie_pwpEbGdrcN5Y29ycA,CraftWorker
Pentecostals,Mx4rwQB295wpEbGdrcN5Y29ycA,ChristianPerson
Pool players,Mx4rvViAkpwpEbGdrcN5Y29ycA,Person
Electronic countermeasures,Mx4rvnSeAJwpEbGdrcN5Y29ycA,MilitaryEvent
Costs,Mx4rvVkKHZwpEbGdrcN5Y29ycA,Paying
Root vegetables,Mx4rvVjqzZwpEbGdrcN5Y29ycA,Vegetable-Food
Baltimore Orioles,Mx4rvVi8SJwpEbGdrcN5Y29ycA,Bird
Grand operas,Mx4rwTMcaZwpEbGdrcN5Y29ycA,OperaPerformance
Time scales,Mx8NhB4rvcD6KJwpEbGdrcN5Y29ycB4rvViApZwpEbGdrcN5Y29ycB4rvVijs5wpEbGdrcN5Y29ycB4rvViAxJwpEbGdrcN5Y29ycA,"[:SubcollectionOfWithRelationFromTypeFn, :""Time-Quantity"", :duration, :TemporalThing]"
Cable railways,Mx4rwQr0aZwpEbGdrcN5Y29ycA,RailwayOrganization
Level crossings,Mx4rwPK0K5wpEbGdrcN5Y29ycA,Intersection-Street
Tyrosine kinase inhibitors,Mx4rv8FjPpwpEbGdrcN5Y29ycA,DrugSubstance
File transfer protocols,Mx4rvViVx5wpEbGdrcN5Y29ycA,CodeOfConduct
Steel companies,Mx4rvVjQNpwpEbGdrcN5Y29ycA,Business
Mining engineers,Mx4rvVkBWpwpEbGdrcN5Y29ycA,Engineer
Military engineers,Mx4rvVkBWpwpEbGdrcN5Y29ycA,Engineer
Power cables,Mx4rwPSQZpwpEbGdrcN5Y29ycA,PowerLine
Labor leaders,Mx4rwQr5eJwpEbGdrcN5Y29ycA,Leader
News media,Mx4rcNoo_rtWEdmAAAACs6hRjg,InstrumentalArtifact
Flare stars,Mx4rvVi80ZwpEbGdrcN5Y29ycA,Star
Lottery winners,Mx8Ngh4rvVipPJwpEbGdrcN5Y29ycB4rvgDMuJwpEbGdrcN5Y29ycA,"[:FrequentPerformerFn, :Gambling]"
Optical phenomena,Mx4rwQrzNZwpEbGdrcN5Y29ycA,Nature
Siemens,Mx4rvRmApsr8EdmAAAACs6hRjg,UnitOfElectricalResistance,Mx4rvVkBWpwpEbGdrcN5Y29ycA,Engineer,Mx4rvVj5yZwpEbGdrcN5Y29ycA,ElectricalEngineer
Carboniferous,Mx4rbMc-_J0fQdeKF7ExvAjcQg,GeologicalPeriod
Poker hands,Mx4rvVjmoJwpEbGdrcN5Y29ycA,Group
Franks,Mx4rvViWX5wpEbGdrcN5Y29ycA,EuropeanCitizenOrSubject,Mx4rvVidvJwpEbGdrcN5Y29ycA,MeatSausage
Cognitive scientists,Mx4rvVj755wpEbGdrcN5Y29ycA,Scientist
American cheeses,Mx4rvVjOAZwpEbGdrcN5Y29ycA,Cheese
Tennis coaches,Mx4rvVjlaJwpEbGdrcN5Y29ycA,SportsCoach
Logistics,Mx8Ngh4rvViympwpEbGdrcN5Y29ycB4r1q5pih5sQdednLf-HMwzxw,"[:MakingAvailableFn, :Provisions]"
Talent agents,Mx8NhB4rwP1IC5wpEbGdrcN5Y29ycB4rvViAkpwpEbGdrcN5Y29ycB4rvVzG25wpEbGdrcN5Y29ycB4rvVinb5wpEbGdrcN5Y29ycA,"[:SubcollectionOfWithRelationToTypeFn, :Person, :represents, :IntelligentAgent]"
Academic degrees,Mx4rvVip-pwpEbGdrcN5Y29ycA,EducationalDegree
Acyl halides,Mx4rvVjNlZwpEbGdrcN5Y29ycA,ChemicalSubstanceType
Control characters,Mx4rwGPR-pwpEbGdrcN5Y29ycA,ASCIICompatibleCharacter
Charter schools,Mx4rpo0ncHqGQdeOwLvZU0r7Hw,SchoolInstitution
Packaging companies,Mx4rvVjQNpwpEbGdrcN5Y29ycA,Business
Trade routes,Mx4rvuh8yZwpEbGdrcN5Y29ycA,Path-Customary,Mx4r7k80XssQEdmAAAACs6hRjg,TravelRoute
Essential oils,Mx4rvVjZ6ZwpEbGdrcN5Y29ycA,Oil
Silver mines,Mx4rwPKlipwpEbGdrcN5Y29ycA,Mine-ExcavationFacility
Copper mines,Mx4rwPKlipwpEbGdrcN5Y29ycA,Mine-ExcavationFacility
Rolling mills,Mx4rvVjiX5wpEbGdrcN5Y29ycA,FactoryBuilding
Monoclonal antibodies,Mx4rvVjM3pwpEbGdrcN5Y29ycA,ProteinStuff
Electrical phenomena,Mx4rwQrzNZwpEbGdrcN5Y29ycA,Nature
Particle accelerators,Mx4rTMBVhL2oEdmAAAACs6hRjg,DeviceRequiringSkillForProperUse
Sulfonic acids,Mx4rES1yRgrWEdaAAABQ2sS97g,AcidType
Ice shows,Mx4rAk2IqrjGEdmAAAACs6hRjg,Entertainment-RecreationalActivity
Aesthetics,Mx4rv7a4G5wpEbGdrcN5Y29ycA,Philosophy
SaGa,Mx4rvViJ9ZwpEbGdrcN5Y29ycA,Story
Tennis shots,Mx4rvViOcJwpEbGdrcN5Y29ycA,Movement-TranslationEvent
Piano sonatas,Mx4rwQwcWZwpEbGdrcN5Y29ycA,ClassicalMusic
Physical sciences,Mx4rvViOapwpEbGdrcN5Y29ycA,Physics
Sumo wrestlers,Mx4rwByumpwpEbGdrcN5Y29ycA,Wrestler
Fusion reactors,Mx4rwJH52JwpEbGdrcN5Y29ycA,NuclearReactor
Continued fractions,Mx4rvVjyqpwpEbGdrcN5Y29ycA,RationalNumber
Baseball coaches,Mx4rvVjlaJwpEbGdrcN5Y29ycA,SportsCoach
Cutting tools,Mx4rvViRU5wpEbGdrcN5Y29ycA,CuttingDevice
Insect repellents,Mx4rvVjNlZwpEbGdrcN5Y29ycA,ChemicalSubstanceType
Animal products,Mx4rvVj27ZwpEbGdrcN5Y29ycA,PartiallyTangible
Sports commentators,Mx4rwPzoNpwpEbGdrcN5Y29ycA,Sportscaster
Military marches,Mx4rvViexZwpEbGdrcN5Y29ycA,Communicating
Metadata,Mx4rvVjmoJwpEbGdrcN5Y29ycA,Group
Blind people,Mx4rvViAkpwpEbGdrcN5Y29ycA,Person
Badgers,Mx4rvVj1zpwpEbGdrcN5Y29ycA,UnitedStatesPerson,Mx4rvVi_x5wpEbGdrcN5Y29ycA,Mustelidae
Rat snakes,Mx4rvViT7pwpEbGdrcN5Y29ycA,Snake
Art directors,Mx4r42_KFhrIQdiRQfhXDZ7-QQ,Supervisor
Cardiac glycosides,Mx4rvVjNlZwpEbGdrcN5Y29ycA,ChemicalSubstanceType
Shot putters,Mx4rvVi--5wpEbGdrcN5Y29ycA,Athlete
Arles,Mx4rv8NRy5wpEbGdrcN5Y29ycA,interestRate
Gold rushes,Mx4rvViADZwpEbGdrcN5Y29ycA,Event,Mx4rvViOcJwpEbGdrcN5Y29ycA,Movement-TranslationEvent
Object-oriented database management systems,Mx4rwJxiRJwpEbGdrcN5Y29ycA,ComputerProgram-CW
Internment camps,Mx4rvVj7KJwpEbGdrcN5Y29ycA,Building
True lobsters,Mx4rvViH7pwpEbGdrcN5Y29ycA,ClawedLobster
Coal mines,Mx4rwPKlipwpEbGdrcN5Y29ycA,Mine-ExcavationFacility
Mathematical symbols,Mx4rvVkKC5wpEbGdrcN5Y29ycA,WritingSymbolCharacter
Alter egos,Mx8NhB4rvcD6KJwpEbGdrcN5Y29ycB4rvViAkpwpEbGdrcN5Y29ycB4rvVi6bJwpEbGdrcN5Y29ycB4rvVinLZwpEbGdrcN5Y29ycA,"[:SubcollectionOfWithRelationFromTypeFn, :Person, :likesAsFriend, :""PerceptualAgent-Embodied""]"
Landscape architects,Mx4rwQxF25wpEbGdrcN5Y29ycA,Architect
Veterinary schools,Mx4rpo0ncHqGQdeOwLvZU0r7Hw,SchoolInstitution
Cosmic rays,Mx4rvVjap5wpEbGdrcN5Y29ycA,EnergyQuantity
Interstellar media,Mx4rpKb4HskwEdmAAAACs6hRjg,Region
Wire gauges,Mx4rTMBVhL2oEdmAAAACs6hRjg,DeviceRequiringSkillForProperUse
Choir schools,Mx4rpo0ncHqGQdeOwLvZU0r7Hw,SchoolInstitution
Art dealers,Mx8Ngh4rwBtg95wpEbGdrcN5Y29ycB4rvVjT3ZwpEbGdrcN5Y29ycA,"[:BelieverFn, :Capitalism]"
Blood disorders,Mx4rwQw4WZwpEbGdrcN5Y29ycA,PhysiologicalCondition
Regalia,Mx4rcNoo_rtWEdmAAAACs6hRjg,InstrumentalArtifact,Mx4rvk3sS5wpEbGdrcN5Y29ycA,Clothing-Generic
Bounty hunters,Mx4rvViAkpwpEbGdrcN5Y29ycA,Person,Mx4rovkZBMr_EdmAAAACs6hRjg,SkilledWorker
Magic tricks,Mx4rwPvkW5wpEbGdrcN5Y29ycA,Presentation
Vital statistics,Mx4r2wb56Mb4EdmAAAACs6hRjg,Cognition
Book fairs,Mx4rJVcwwrZqEdmFRAACs6hRjg,Gathering-SocialGroup,Mx4rqs8mVL8bEdmAAAACs6hRjg,AttributeCharacteristicOfAnEntity
Synthetic resins,Mx4rvVjNlZwpEbGdrcN5Y29ycA,ChemicalSubstanceType
Bile acids,Mx4rvVjNlZwpEbGdrcN5Y29ycA,ChemicalSubstanceType
Animal diseases,Mx4rv6WBtZwpEbGdrcN5Y29ycA,DiseaseType
Passenger ships,Mx4rvVirIJwpEbGdrcN5Y29ycA,Ship
Sound effects,Mx4rYE1C0EPuQdmEO6TZe_7NPA,Idea
Ordinal numbers,Mx4rvxwC-ZwpEbGdrcN5Y29ycA,Number-General
Liquid crystals,Mx4rvVjR45wpEbGdrcN5Y29ycA,FluidTangibleThing
Mug shots,Mx4rvVjZ7ZwpEbGdrcN5Y29ycA,Photograph
Lugers,Mx4rwQCXyZwpEbGdrcN5Y29ycA,Handgun,Mx4rvVi--5wpEbGdrcN5Y29ycA,Athlete
Rock climbers,Mx4rKoAbOssTEdmAAAACs6hRjg,Climber-Athlete
Acid anhydrides,Mx4rvVjNlZwpEbGdrcN5Y29ycA,ChemicalSubstanceType
Pub crawls,Mx4rvVi9WpwpEbGdrcN5Y29ycA,Travel-TripEvent
Azo dyes,Mx4rvVj27ZwpEbGdrcN5Y29ycA,PartiallyTangible
Fluorescent dyes,Mx4rvVj27ZwpEbGdrcN5Y29ycA,PartiallyTangible
Bony fish,Mx4rvVjfU5wpEbGdrcN5Y29ycA,Fish
Colour schemes,Mx4rvVjmoJwpEbGdrcN5Y29ycA,Group
Hadith,Mx4r2wb56Mb4EdmAAAACs6hRjg,Cognition,Mx4rvVioQZwpEbGdrcN5Y29ycA,Action
Physics laboratories,Mx4rwPvH35wpEbGdrcN5Y29ycA,Laboratory
Nickel alloys,Mx4rvVjMi5wpEbGdrcN5Y29ycA,MetalAlloy
Angiogenesis inhibitors,Mx4rv8FjPpwpEbGdrcN5Y29ycA,DrugSubstance
Crown jewels,Mx4ryb1WdLy2EdmAAAACs6hRjg,Assets-Possession,Mx4rwQCKX5wpEbGdrcN5Y29ycA,GemStone,Mx4rcNoo_rtWEdmAAAACs6hRjg,InstrumentalArtifact
Retirement communities,Mx4rwMAYTJwpEbGdrcN5Y29ycA,CountrySubsidiary
Bridge players,Mx4rvViAkpwpEbGdrcN5Y29ycA,Person
Rowing clubs,Mx4rv4ohjpwpEbGdrcN5Y29ycA,Club-Organization
Conscientious objectors,Mx4rvViAkpwpEbGdrcN5Y29ycA,Person
Belly dancers,Mx4rvVjgjJwpEbGdrcN5Y29ycA,Dancer-Performer
Movie cameras,Mx4rvVivNJwpEbGdrcN5Y29ycA,StillCamera
Synthetic fibers,Mx4rvVj27ZwpEbGdrcN5Y29ycA,PartiallyTangible
Physical phenomena,Mx4rwQrzNZwpEbGdrcN5Y29ycA,Nature
Bluebirds,Mx4rvVi8SJwpEbGdrcN5Y29ycA,Bird,Mx4rwP1LlpwpEbGdrcN5Y29ycA,Thrush-Bird
Food companies,Mx4rvVjQNpwpEbGdrcN5Y29ycA,Business
Computer errors,Mx4rvViADZwpEbGdrcN5Y29ycA,Event
Space programs,Mx4rvViqMpwpEbGdrcN5Y29ycA,Project
Light sources,Mx4rvVil7JwpEbGdrcN5Y29ycA,LightingDevice
Equal temperaments,Mx4rvViNqpwpEbGdrcN5Y29ycA,AnimalActivity
Boarding schools,Mx4rpo0ncHqGQdeOwLvZU0r7Hw,SchoolInstitution
Symphonic poems,Mx4rwUwN3ZwpEbGdrcN5Y29ycA,MusicalComposition
Yakuza,Mx4rvVjIu5wpEbGdrcN5Y29ycA,Criminal,Mx4rJVcwwLZqEdmFRAACs6hRjg,SocialGroup
Draughts,Mx4rvvHsWJwpEbGdrcN5Y29ycA,Checkers
Pedestrian crossings,Mx4rvuh8yZwpEbGdrcN5Y29ycA,Path-Customary
Pirate ships,Mx4rvVirIJwpEbGdrcN5Y29ycA,Ship
Deaf people,Mx4rvViAkpwpEbGdrcN5Y29ycA,Person
Sitar players,Mx4rvVjqXpwpEbGdrcN5Y29ycA,MusicalPerformer
Occupational diseases,Mx4rv6WBtZwpEbGdrcN5Y29ycA,DiseaseType
Standard candles,Mx4r4-25-sr7EdmAAAACs6hRjg,ElectromagneticUnitOfMeasure
Dance schools,Mx4rpo0ncHqGQdeOwLvZU0r7Hw,SchoolInstitution
Fricative consonants,Mx4rvViAzZwpEbGdrcN5Y29ycA,Relation
Superfund sites,Mx4rvVjQsJwpEbGdrcN5Y29ycA,Ground
Disk operating systems,Mx4rvViws5wpEbGdrcN5Y29ycA,OperatingSystem
Drinking songs,Mx4rwP3teJwpEbGdrcN5Y29ycA,Song-CW
Benefit concerts,Mx4rvVjAJ5wpEbGdrcN5Y29ycA,EntertainmentPerformance
Legal systems,Mx4rvViB_5wpEbGdrcN5Y29ycA,Strategy
Binary operations,Mx4rvVi255wpEbGdrcN5Y29ycA,SomethingExisting
Tarot cards,Mx4rv8TpGZwpEbGdrcN5Y29ycA,PlayingCard
Evoked potentials,Mx4rwQrzNZwpEbGdrcN5Y29ycA,Nature
Fantasy worlds,Mx4rvh57iJwpEbGdrcN5Y29ycA,AgentCapacityQuantity
Electrical systems,Mx4rv51bpZwpEbGdrcN5Y29ycA,Facility-Construct,Mx4rcNoo_rtWEdmAAAACs6hRjg,InstrumentalArtifact
Wading birds,Mx4rvVi8SJwpEbGdrcN5Y29ycA,Bird
Discount stores,Mx4rvVj7KJwpEbGdrcN5Y29ycA,Building
Mouse-eared bats,Mx4rvViSgJwpEbGdrcN5Y29ycA,Bat-Mammal
Ice ages,Mx4rbMc-_J0fQdeKF7ExvAjcQg,GeologicalPeriod
Hydroxy acids,Mx4rES1yRgrWEdaAAABQ2sS97g,AcidType
Spree killers,Mx4rv1UvdZwpEbGdrcN5Y29ycA,Murderer
Chartists,Mx4rvViAkpwpEbGdrcN5Y29ycA,Person,Mx4rvViq2JwpEbGdrcN5Y29ycA,Analyst
Seppuku,Mx4rwQrsYZwpEbGdrcN5Y29ycA,Suicide
Alveolar consonants,Mx4rvViAzZwpEbGdrcN5Y29ycA,Relation
Labial consonants,Mx4rvViAzZwpEbGdrcN5Y29ycA,Relation
Logic gates,Mx4rvVjJzZwpEbGdrcN5Y29ycA,ElectricalCircuit
Corporate executives,Mx4rvVj635wpEbGdrcN5Y29ycA,Executive
Working papers,Mx4rMGMA9L1rEdmAAAACs6hRjg,Record,Mx4rwRPow5wpEbGdrcN5Y29ycA,LegalDocument
Accounting systems,Mx4rvViexZwpEbGdrcN5Y29ycA,Communicating
Recombinant proteins,Mx4rvVjM3pwpEbGdrcN5Y29ycA,ProteinStuff
Futures exchanges,Mx4rvViJnJwpEbGdrcN5Y29ycA,Workplace
Planned communities,Mx4rwMAYTJwpEbGdrcN5Y29ycA,CountrySubsidiary
Popular fronts,Mx4r-GjensiWEdmAAAACs6hRjg,Alliance-Organization
Slot machines,Mx4rvVjVgZwpEbGdrcN5Y29ycA,MechanicalDevice
Chub,Mx4rvVjfU5wpEbGdrcN5Y29ycA,Fish
Body fluids,Mx4rvVj27ZwpEbGdrcN5Y29ycA,PartiallyTangible
Coordination compounds,Mx4rvVjNlZwpEbGdrcN5Y29ycA,ChemicalSubstanceType
Diffuse nebulae,Mx4rwPuoRZwpEbGdrcN5Y29ycA,Nebula
Bird families,Mx4rvVjLLJwpEbGdrcN5Y29ycA,BiologicalFamily
Food manufacturers,Mx4rvVjvI5wpEbGdrcN5Y29ycA,ManufacturingOrganization
Game birds,Mx4rwQBTK5wpEbGdrcN5Y29ycA,WildAnimal
Language schools,Mx4rpo0ncHqGQdeOwLvZU0r7Hw,SchoolInstitution
Funeral homes,Mx4rvVigNpwpEbGdrcN5Y29ycA,HumanOccupationConstruct
Index numbers,Mx4rwSiXsJwpEbGdrcN5Y29ycA,Index-IndicatorOrMeasure
Simple machines,Mx4rvVjVgZwpEbGdrcN5Y29ycA,MechanicalDevice
Literary agents,Mx8NhB4rwP1IC5wpEbGdrcN5Y29ycB4rvViAkpwpEbGdrcN5Y29ycB4rvVzG25wpEbGdrcN5Y29ycB4rvVinb5wpEbGdrcN5Y29ycA,"[:SubcollectionOfWithRelationToTypeFn, :Person, :represents, :IntelligentAgent]"
Vinyl polymers,Mx4rvVjNlZwpEbGdrcN5Y29ycA,ChemicalSubstanceType
Phenolic resins,Mx4rvVjNlZwpEbGdrcN5Y29ycA,ChemicalSubstanceType
Probability theorists,Mx4rvVkB15wpEbGdrcN5Y29ycA,Mathematician
Weather radars,Mx4rTMBVhL2oEdmAAAACs6hRjg,DeviceRequiringSkillForProperUse
Chamber orchestras,Mx4rvVjq95wpEbGdrcN5Y29ycA,Orchestra
Decapods,Mx4rvVizJ5wpEbGdrcN5Y29ycA,Crustacean,Mx4rvZoocpwpEbGdrcN5Y29ycA,Cephalopod
Onomastics,Mx4rvVi3N5wpEbGdrcN5Y29ycA,FieldOfStudy
Ballet masters,Mx4rvVjgjJwpEbGdrcN5Y29ycA,Dancer-Performer
Ballet mistresses,Mx4rvVjgjJwpEbGdrcN5Y29ycA,Dancer-Performer
Muses,Mx4rvVjrCJwpEbGdrcN5Y29ycA,God,Mx4rYE1C0EPuQdmEO6TZe_7NPA,Idea
Public services,Mx4rwQBn8ZwpEbGdrcN5Y29ycA,HelpingAnAgent,Mx4rvVjhIpwpEbGdrcN5Y29ycA,WorkingEvent
Paddle steamers,Mx4rvVirIJwpEbGdrcN5Y29ycA,Ship
Brahmins,Mx4rvjHZ8JwpEbGdrcN5Y29ycA,Aristocrat,Mx4rvVigfJwpEbGdrcN5Y29ycA,AsianCitizenOrSubject,Mx4rvVjmoJwpEbGdrcN5Y29ycA,Group,Mx4rvWayzZwpEbGdrcN5Y29ycA,Cattle
Baseball plays,Mx4rvViOcJwpEbGdrcN5Y29ycA,Movement-TranslationEvent
Folk dancers,Mx4rvViAkpwpEbGdrcN5Y29ycA,Person
Naval academies,Mx4rpo0ncHqGQdeOwLvZU0r7Hw,SchoolInstitution
Didactics,Mx4rvVix4JwpEbGdrcN5Y29ycA,Teaching
Rhythm and blues musicians,Mx4rvVjqXpwpEbGdrcN5Y29ycA,MusicalPerformer
Boundary conditions,Mx8NhB4rvcD6KJwpEbGdrcN5Y29ycB4rvViA9JwpEbGdrcN5Y29ycB4rv8suEJwpEbGdrcN5Y29ycB4rvViA9JwpEbGdrcN5Y29ycA,"[:SubcollectionOfWithRelationFromTypeFn, :Thing, :""preconditionFor-Props"", :Thing]"
Tumor suppressor genes,Mx4rv0yv45wpEbGdrcN5Y29ycA,Gene-HereditaryUnit
Heat waves,Mx4rwQrzNZwpEbGdrcN5Y29ycA,Nature
Metrical feet,Mx4rvViexZwpEbGdrcN5Y29ycA,Communicating
Elimination reactions,Mx4rvVibyJwpEbGdrcN5Y29ycA,ChemicalReaction
Addition reactions,Mx4rvVibyJwpEbGdrcN5Y29ycA,ChemicalReaction
Cent,Mx4rvViDxZwpEbGdrcN5Y29ycA,UnitOfMoney,Mx4rvVjMQpwpEbGdrcN5Y29ycA,Currency
Frozen desserts,Mx4rvVkKypwpEbGdrcN5Y29ycA,DessertFood
Electronic organs,Mx4rvVjI6JwpEbGdrcN5Y29ycA,MusicalInstrument
Pipe organs,Mx4rv5XMb5wpEbGdrcN5Y29ycA,Organ-MusicalInstrument
Lighthouse keepers,Mx4rvViAkpwpEbGdrcN5Y29ycA,Person
Chess clubs,Mx4rv4ohjpwpEbGdrcN5Y29ycA,Club-Organization
Quick breads,Mx4rvVjMeZwpEbGdrcN5Y29ycA,Bread
Sulfur mines,Mx4rwPKlipwpEbGdrcN5Y29ycA,Mine-ExcavationFacility
Rifle ranges,Mx4rpKb4HskwEdmAAAACs6hRjg,Region,Mx4rvViD9pwpEbGdrcN5Y29ycA,FiringRange
Honorary degrees,Mx4rvVip-pwpEbGdrcN5Y29ycA,EducationalDegree
Letter writers,Mx4rOElPzMiWEdmAAAACs6hRjg,Communicator
Parasitic plants,Mx4rvVjE1pwpEbGdrcN5Y29ycA,Organism-Whole
Treasure troves,Mx4ryb1WdLy2EdmAAAACs6hRjg,Assets-Possession,Mx4rvVjmoJwpEbGdrcN5Y29ycA,Group
Force fields,Mx4rvVjYbpwpEbGdrcN5Y29ycA,GravitationalForceVector
Mountain men,Mx4rvViAkpwpEbGdrcN5Y29ycA,Person
Rocket propellants,Mx4rvgESN5wpEbGdrcN5Y29ycA,ExplosiveMaterial
Homogeneous polynomials,Mx4rvVxAsJwpEbGdrcN5Y29ycA,Function-Denotational
Chemical formulas,Mx4rvWIKZpwpEbGdrcN5Y29ycA,Statement
Sporting dogs,Mx4rvVjaoJwpEbGdrcN5Y29ycA,Dog
PT boats,Mx4rvVirIJwpEbGdrcN5Y29ycA,Ship
Inverse functions,Mx4rvVxAsJwpEbGdrcN5Y29ycA,Function-Denotational
Group actions,Mx4rvViN65wpEbGdrcN5Y29ycA,HumanActivity
Health clubs,Mx4rvVj7KJwpEbGdrcN5Y29ycA,Building
Air marshals,Mx4rvViAkpwpEbGdrcN5Y29ycA,Person
Stopper knots,Mx4rvVi5c5wpEbGdrcN5Y29ycA,Connector
Loop knots,Mx4rvVi5c5wpEbGdrcN5Y29ycA,Connector
Big bands,Mx4rvVij7ZwpEbGdrcN5Y29ycA,MusicPerformanceOrganization
Coffee substitutes,Mx4rvVkEXpwpEbGdrcN5Y29ycA,Coffee-Beverage
Organ stops,Mx4rvVjvh5wpEbGdrcN5Y29ycA,WoodwindInstrument
Torch singers,Mx4rvVjiz5wpEbGdrcN5Y29ycA,Singer
Military chaplains,Mx4rGftzplxcEdqAAAACs71DGQ,Chaplain
Gossip columnists,Mx4rvVj-ypwpEbGdrcN5Y29ycA,Journalist
Boundary layers,Mx4rwQrzNZwpEbGdrcN5Y29ycA,Nature
Statistical methods,Mx4r-c445joZQdeL9clHkSkN2A,TechniqueType
Cargo cults,Mx4rvVkCHZwpEbGdrcN5Y29ycA,Religion
Air guns,Mx4rwQBuo5wpEbGdrcN5Y29ycA,Gun
Fipple flutes,Mx4rvVjvh5wpEbGdrcN5Y29ycA,WoodwindInstrument
Bus routes,Mx4r7k80XssQEdmAAAACs6hRjg,TravelRoute
Yardies,Mx4rvVjIu5wpEbGdrcN5Y29ycA,Criminal
Restriction enzymes,Mx4rvfBoWZwpEbGdrcN5Y29ycA,EnzymeMolecule
Radio-controlled aircraft,Mx4rv0ebRpwpEbGdrcN5Y29ycA,UnmannedAircraft
Political bosses,Mx4rvVjntpwpEbGdrcN5Y29ycA,Politician
Yeshivas,Mx4rpo0ncHqGQdeOwLvZU0r7Hw,SchoolInstitution
Ice shelves,Mx4rvVj27ZwpEbGdrcN5Y29ycA,PartiallyTangible
Glee clubs,Mx4rv4ohjpwpEbGdrcN5Y29ycA,Club-Organization
Quaternary ammonium compounds,Mx4rvVjNlZwpEbGdrcN5Y29ycA,ChemicalSubstanceType
Deists,Mx4rvViAkpwpEbGdrcN5Y29ycA,Person
Name days,Mx4rLf2KwM3qEdmAAAACs6hRjg,ObservanceDay
Gambling games,Mx4rvgDMuJwpEbGdrcN5Y29ycA,Gambling
Regular polyhedra,Mx4rqs8mVL8bEdmAAAACs6hRjg,AttributeCharacteristicOfAnEntity
Stool tests,Mx4rvViNqpwpEbGdrcN5Y29ycA,AnimalActivity
Vacuum pumps,Mx4rvVjA35wpEbGdrcN5Y29ycA,AirPump
Patent medicines,Mx4rv8FjPpwpEbGdrcN5Y29ycA,DrugSubstance
Piano makers,Mx4rwSA9yMktEdmAAAACs6hRjg,Maker
Prima ballerinas,Mx4rvgH0a5wpEbGdrcN5Y29ycA,Ballerina
Detective novels,Mx4rvViJb5wpEbGdrcN5Y29ycA,Novel-CW
Ammonites,Mx4rwFdI3ZwpEbGdrcN5Y29ycA,Fossil
Film companies,Mx4rvVjQNpwpEbGdrcN5Y29ycA,Business
Parametric statistics,Mx4r2wb56Mb4EdmAAAACs6hRjg,Cognition
Sesamoid bones,Mx4rvVkCG5wpEbGdrcN5Y29ycA,Bone-BodyPart
Potato diseases,Mx4rv6WBtZwpEbGdrcN5Y29ycA,DiseaseType
Plant toxins,Mx4rvfOHrZwpEbGdrcN5Y29ycA,BiologicalToxin
Sulfur oxides,Mx4rvVi-kZwpEbGdrcN5Y29ycA,Oxide
Leaf insects,Mx4rvVi495wpEbGdrcN5Y29ycA,Insect
Peacekeeping operations,Mx4rvhxFJZwpEbGdrcN5Y29ycA,MilitaryOperation
Herb gardens,Mx4rvVjv75wpEbGdrcN5Y29ycA,Garden
Phototrophic bacteria,Mx4rvVjU-5wpEbGdrcN5Y29ycA,Bacterium
Go games,Mx4rwS8LhpwpEbGdrcN5Y29ycA,Go-TheGame
Livery companies,Mx4rvVjQNpwpEbGdrcN5Y29ycA,Business
Noble metals,Mx4rvVkIuZwpEbGdrcN5Y29ycA,ElementStuff
Breeches,Mx4rvqIx_pwpEbGdrcN5Y29ycA,Knickers
Sewing stitches,Mx4rvjSBSZwpEbGdrcN5Y29ycA,Artifact-Generic
Embroidery stitches,Mx4rvjSBSZwpEbGdrcN5Y29ycA,Artifact-Generic
Knitting stitches,Mx4rvjSBSZwpEbGdrcN5Y29ycA,Artifact-Generic
Fuel injection systems,Mx4rcNoo_rtWEdmAAAACs6hRjg,InstrumentalArtifact
Stock traders,Mx8Ngh4rwBtg95wpEbGdrcN5Y29ycB4rvVjT3ZwpEbGdrcN5Y29ycA,"[:BelieverFn, :Capitalism]"
Printing companies,Mx4rvVjQNpwpEbGdrcN5Y29ycA,Business
Headquarters,Mx4rvViJHpwpEbGdrcN5Y29ycA,OfficeSpace,Mx4rvVqBv5wpEbGdrcN5Y29ycA,MilitaryBase-Grounds,Mx4rwPlCtpwpEbGdrcN5Y29ycA,MilitaryUnitTypeByEchelon
Nexus,Mx4rvViAzZwpEbGdrcN5Y29ycA,Relation,Mx4rvo5pTJwpEbGdrcN5Y29ycA,Series
Whaling ships,Mx4rvVirIJwpEbGdrcN5Y29ycA,Ship
Science teachers,Mx4rvVkFrJwpEbGdrcN5Y29ycA,Teacher
Rotten boroughs,Mx4rJVcwwrZqEdmFRAACs6hRjg,Gathering-SocialGroup
Tonal languages,Mx4rvVjzepwpEbGdrcN5Y29ycA,NaturalLanguage
Pulp magazines,Mx4rwQ7-8pwpEbGdrcN5Y29ycA,MagazineSeries
Earth goddesses,Mx4rvVjrCJwpEbGdrcN5Y29ycA,God
Convenience foods,Mx4rvVjElJwpEbGdrcN5Y29ycA,SolidTangibleThing
Earth gods,Mx4rvVjrCJwpEbGdrcN5Y29ycA,God
Food markets,Mx4rvVjDcpwpEbGdrcN5Y29ycA,GroceryStore
Investment bankers,Mx4rwTZho5wpEbGdrcN5Y29ycA,SecuritiesUnderwriter
Employment agencies,Mx4rvViS05wpEbGdrcN5Y29ycA,CommercialOrganization
Wind turbines,Mx4rvWbBnpwpEbGdrcN5Y29ycA,TurbineEngine
Social systems,Mx4rvsWv_5wpEbGdrcN5Y29ycA,FunctionalSystem
War correspondents,Mx4rvVj-ypwpEbGdrcN5Y29ycA,Journalist
Dynamics,Mx4rvVi3_JwpEbGdrcN5Y29ycA,ScientificFieldOfStudy
Natural scientists,Mx4rvVikRZwpEbGdrcN5Y29ycA,Biologist
Landscape paintings,Mx4rvVjHuJwpEbGdrcN5Y29ycA,ArtObject
Shot towers,Mx4rwPK8UJwpEbGdrcN5Y29ycA,Tower
Pressurized water reactors,Mx4rwJH52JwpEbGdrcN5Y29ycA,NuclearReactor
Boiling water reactors,Mx4rwJH52JwpEbGdrcN5Y29ycA,NuclearReactor
Color codes,Mx4r3eYzpsiVEdmAAAACs6hRjg,Code-CommunicationConvention
Sea snakes,Mx4rvViT7pwpEbGdrcN5Y29ycA,Snake
Prayer beads,Mx4rvVjmoJwpEbGdrcN5Y29ycA,Group
Tropics,Mx4rsTlthM3yEdmAAAACs6hRjg,Tropic-LatitudeLine,Mx4rwPzmFJwpEbGdrcN5Y29ycA,Tropics
Film writers,Mx4rvVj7rpwpEbGdrcN5Y29ycA,Writer
Aerial tramways,Mx4rvVjUgJwpEbGdrcN5Y29ycA,Conveyance
Orange sodas,Mx4rvVjR5pwpEbGdrcN5Y29ycA,SoftDrink
Funeral directors,Mx4rovkZBMr_EdmAAAACs6hRjg,SkilledWorker
Ninja,Mx4rvViAkpwpEbGdrcN5Y29ycA,Person,Mx4rvVjCBpwpEbGdrcN5Y29ycA,PersonTypeBySocialClass
Barbary pirates,Mx4rwFNlP5wpEbGdrcN5Y29ycA,Pirate-Sailor
Military intelligence agencies,Mx4rwGENo5wpEbGdrcN5Y29ycA,IntelligenceAgency
Concert bands,Mx4rvgEZGJwpEbGdrcN5Y29ycA,Band-MusicGroup
Dance bands,Mx4rvVij7ZwpEbGdrcN5Y29ycA,MusicPerformanceOrganization
Food banks,Mx4rMKGOCrvMEdmAAAACs6hRjg,Accumulation-Profits
Sky marshals,Mx4rvViAkpwpEbGdrcN5Y29ycA,Person
Jug bands,Mx4rvVij7ZwpEbGdrcN5Y29ycA,MusicPerformanceOrganization
Comfort women,Mx4rwQySppwpEbGdrcN5Y29ycA,Prostitute
Etymological dictionaries,Mx4rvVjKWpwpEbGdrcN5Y29ycA,Dictionary
Armoured cars,Mx4rwHLvC5wpEbGdrcN5Y29ycA,WheeledTransportationDevice
Cineraria,Mx4rvVipFpwpEbGdrcN5Y29ycA,FloweryPlant
Phytelephas,Mx4rvVian5wpEbGdrcN5Y29ycA,BiologicalGenus
Foundation garments,Mx4rvVjJUZwpEbGdrcN5Y29ycA,Underwear
Macrotus,Mx4rvViSgJwpEbGdrcN5Y29ycA,Bat-Mammal
Cold waves,Mx4rwQrzNZwpEbGdrcN5Y29ycA,Nature
Linguistic units,Mx4rvViAzZwpEbGdrcN5Y29ycA,Relation
Rivulus,Mx4rvVjfU5wpEbGdrcN5Y29ycA,Fish
River dolphins,Mx4rvVja4pwpEbGdrcN5Y29ycA,ToothedWhale
Slave ships,Mx4rvVirIJwpEbGdrcN5Y29ycA,Ship
Ice storms,Mx4rwPu3fJwpEbGdrcN5Y29ycA,StormAsObject
Aerides,Mx4rvVifepwpEbGdrcN5Y29ycA,Orchid
Amorphophallus,Mx4rwQrbYpwpEbGdrcN5Y29ycA,Plant-NonWoody
Lithops,Mx4rwP4GwpwpEbGdrcN5Y29ycA,Succulent-Plant
Oxalis,Mx4rwQrbYpwpEbGdrcN5Y29ycA,Plant-NonWoody
Bacteria genera,Mx4rvVian5wpEbGdrcN5Y29ycA,BiologicalGenus
Nuclear chemists,Mx4rvVjKrpwpEbGdrcN5Y29ycA,Chemist
Alkylating agents,Mx4rv8FjPpwpEbGdrcN5Y29ycA,DrugSubstance
Reducing agents,Mx4rvbq2H5wpEbGdrcN5Y29ycA,HarmfulChemicalSubstance
Oxidizing agents,Mx4rvbq2H5wpEbGdrcN5Y29ycA,HarmfulChemicalSubstance
Prayer books,Mx4rvVjmq5wpEbGdrcN5Y29ycA,Book-CW
Radial engines,Mx4rvViyXpwpEbGdrcN5Y29ycA,InternalCombustionEngine
Pneumatics,Mx4rvVi3_JwpEbGdrcN5Y29ycA,ScientificFieldOfStudy
Air force officers,Mx4rvVjvBZwpEbGdrcN5Y29ycA,MilitaryPerson
Ethnic minorities,Mx4rvVjmoJwpEbGdrcN5Y29ycA,Group
Pavement artists,Mx4r_-suTMP6EdmAAAACs6hRjg,Draftsman-Artist
Dirty wars,Mx4rvhxFJZwpEbGdrcN5Y29ycA,MilitaryOperation
Bird sanctuaries,Mx4rvVigNpwpEbGdrcN5Y29ycA,HumanOccupationConstruct
Queen mothers,Mx4rxBwtys37EdmAAAACs6hRjg,Queen-WifeOfAKing
Tax credits,Mx4rvWESd5wpEbGdrcN5Y29ycA,IntrinsicStateChangeEvent
Storage media,Mx4rcNoo_rtWEdmAAAACs6hRjg,InstrumentalArtifact
Slave traders,Mx4rvViAkpwpEbGdrcN5Y29ycA,Person
Symphony orchestras,Mx4rvVjq95wpEbGdrcN5Y29ycA,Orchestra
Encephalartos,Mx4rvVigPZwpEbGdrcN5Y29ycA,Cycad
Surgical instruments,Mx4rvVjNSpwpEbGdrcN5Y29ycA,MedicalDevice
Metrics,Mx4rvVi3N5wpEbGdrcN5Y29ycA,FieldOfStudy
Social anthropologists,Mx4rPgKexCtlEdiUgQAH6RYvSQ,Sociologist
Open letters,Mx4rwSNjZZwpEbGdrcN5Y29ycA,LetterCopy
Koto players,Mx4rvVjqXpwpEbGdrcN5Y29ycA,MusicalPerformer
Salt mines,Mx4rwPKlipwpEbGdrcN5Y29ycA,Mine-ExcavationFacility,Mx4rvViNqpwpEbGdrcN5Y29ycA,AnimalActivity
Domestic pigeons,Mx4rvVjFrZwpEbGdrcN5Y29ycA,Pigeon
Settlement houses,Mx4rvVigNpwpEbGdrcN5Y29ycA,HumanOccupationConstruct
Driving licences,Mx4rvViu3pwpEbGdrcN5Y29ycA,License-LegalAgreement
Country houses,Mx4rvVih-5wpEbGdrcN5Y29ycA,House-Modern
Air force academies,Mx4rpo0ncHqGQdeOwLvZU0r7Hw,SchoolInstitution
Water gaps,Mx4rKcNNdiTeQdeGX8Q4xfdiiQ,Gap-Topographical
Cyclopes,Mx4rvVian5wpEbGdrcN5Y29ycA,BiologicalGenus
Futures markets,Mx4rvViJnJwpEbGdrcN5Y29ycA,Workplace
Acid tests,Mx4rvWotk5wpEbGdrcN5Y29ycA,Appraising
Reform movements,Mx4rwQBJX5wpEbGdrcN5Y29ycA,IdeologicalOrganization
New World warblers,Mx4rvVi8SJwpEbGdrcN5Y29ycA,Bird
Bell foundries,Mx4rI2ggbiTeQdeVabrJUUtQEQ,Foundry-Building
Pax,Mx4rwITjK5wpEbGdrcN5Y29ycA,Message-CW
Grouse,Mx4rvVi9RpwpEbGdrcN5Y29ycA,Meat,Mx4rwQBTK5wpEbGdrcN5Y29ycA,WildAnimal
Analog computers,Mx4rvVjXzZwpEbGdrcN5Y29ycA,Computer
Perching birds,Mx4rvVjjKZwpEbGdrcN5Y29ycA,BiologicalOrder
Electric arcs,Mx4rvVkBK5wpEbGdrcN5Y29ycA,ElectricalConduction
Diving ducks,Mx4rvVj4kJwpEbGdrcN5Y29ycA,Duck
Dabbling ducks,Mx4rvVj4kJwpEbGdrcN5Y29ycA,Duck
Race riots,Mx4rwDgCrpwpEbGdrcN5Y29ycA,ViolentAction
Cyanine dyes,Mx4rvVj27ZwpEbGdrcN5Y29ycA,PartiallyTangible
Orioles,Mx4rvVi8SJwpEbGdrcN5Y29ycA,Bird
Ice caps,Mx4rvgD8lJwpEbGdrcN5Y29ycA,Icecap
Property taxes,Mx4rwMcZIpwpEbGdrcN5Y29ycA,Tax-COC
Customs duties,Mx4rwRKVWZwpEbGdrcN5Y29ycA,Tariff
Wind tunnels,Mx4rvVidpZwpEbGdrcN5Y29ycA,ConstructionArtifact
Midwestern United States,Mx4rvViACZwpEbGdrcN5Y29ycA,GeographicalRegion
Philistines,Mx4rvViAkpwpEbGdrcN5Y29ycA,Person
Ship canals,Mx4rf3qPRCTfQdeT_uLC0TwzCA,NavigationCanal
Banana boats,Mx4rwQCRkZwpEbGdrcN5Y29ycA,CargoShip
King crabs,Mx8Ngh4rvVi-TJwpEbGdrcN5Y29ycB4rvViIMZwpEbGdrcN5Y29ycA,"[:MeatFn, :Crab]",Mx4rvViIMZwpEbGdrcN5Y29ycA,Crab,Mx4rvViwSJwpEbGdrcN5Y29ycA,Arthropod
Pole stars,Mx4rwPuwyZwpEbGdrcN5Y29ycA,Polaris-TheStar
Heat exchangers,Mx4rvVjHL5wpEbGdrcN5Y29ycA,PhysicalDevice
Youth hostels,Mx4rvVidpZwpEbGdrcN5Y29ycA,ConstructionArtifact
Hades,Mx4rvVjrCJwpEbGdrcN5Y29ycA,God,Mx4rvh57iJwpEbGdrcN5Y29ycA,AgentCapacityQuantity
Hypermedia,Mx4rvViN65wpEbGdrcN5Y29ycA,HumanActivity
Sport fish,Mx4rvVjfU5wpEbGdrcN5Y29ycA,Fish
Ignition systems,Mx4rvVjHL5wpEbGdrcN5Y29ycA,PhysicalDevice
Hawaiian honeycreepers,Mx4rvWI6MZwpEbGdrcN5Y29ycA,Finch
Old World flycatchers,Mx4rvVi8SJwpEbGdrcN5Y29ycA,Bird
Period pieces,Mx4rvVjHuJwpEbGdrcN5Y29ycA,ArtObject
Boat races,Mx4rvViTdZwpEbGdrcN5Y29ycA,RacingSportsEvent
Electric chairs,Mx4rTMBVhL2oEdmAAAACs6hRjg,DeviceRequiringSkillForProperUse
Organic fertilizers,Mx4rvVjuAJwpEbGdrcN5Y29ycA,Fertilizer
Price indices,Mx4rwSiXsJwpEbGdrcN5Y29ycA,Index-IndicatorOrMeasure
Ecumenical councils,Mx4rQrM4nMsbEdmAAAACs6hRjg,Assembly-SocialGroup
Natural events,Mx4rvViADZwpEbGdrcN5Y29ycA,Event
Twin towers,Mx4rvVjHDJwpEbGdrcN5Y29ycA,Skyscraper
Torch songs,Mx4rwP3teJwpEbGdrcN5Y29ycA,Song-CW
Peace marches,Mx4rvVj6_5wpEbGdrcN5Y29ycA,ProtestMarch
Youth movements,Mx4rvmTaQZwpEbGdrcN5Y29ycA,Campaign
Fives,Mx4rvgH-XZwpEbGdrcN5Y29ycA,AthleticActivity
City districts,Mx4rwMAYTJwpEbGdrcN5Y29ycA,CountrySubsidiary
Technical schools,Mx4rpo0ncHqGQdeOwLvZU0r7Hw,SchoolInstitution
Town criers,Mx4rOElPzMiWEdmAAAACs6hRjg,Communicator
Carbon nanotubes,Mx4rvVjIQpwpEbGdrcN5Y29ycA,Carbon
Church buildings,Mx4rvVif_pwpEbGdrcN5Y29ycA,Church-Building
Dude ranches,Mx4rvViIe5wpEbGdrcN5Y29ycA,HotelBuilding
Plant genera,Mx4rvVian5wpEbGdrcN5Y29ycA,BiologicalGenus
Angelica,Mx4rwQrbYpwpEbGdrcN5Y29ycA,Plant-NonWoody,Mx4rvVjaKpwpEbGdrcN5Y29ycA,FoodIngredientOnly,Mx4rvWmPL5wpEbGdrcN5Y29ycA,Herb-HumanUse
Moss families,Mx4rvVjLLJwpEbGdrcN5Y29ycA,BiologicalFamily
Plant orders,Mx4rvVjjKZwpEbGdrcN5Y29ycA,BiologicalOrder
Gauge bosons,Mx4rvVjbdJwpEbGdrcN5Y29ycA,SubAtomicParticle
Monocot families,Mx4rvVjLLJwpEbGdrcN5Y29ycA,BiologicalFamily
Cognitive neuroscientists,Mx4rvVj755wpEbGdrcN5Y29ycA,Scientist
Surface lifts,Mx4rwO2dKZwpEbGdrcN5Y29ycA,SkiLift
Bolsheviks,Mx4rv7dOHJwpEbGdrcN5Y29ycA,Extremist,Mx4rvlAIgZwpEbGdrcN5Y29ycA,Communist
Water spirits,Mx4rvwj-OJwpEbGdrcN5Y29ycA,Fairy
Lunisolar calendars,Mx4rvVjPhpwpEbGdrcN5Y29ycA,CalendarSystem
Water clocks,Mx4rvVjz8pwpEbGdrcN5Y29ycA,Clock
Resurrection plants,Mx4rvVjaO5wpEbGdrcN5Y29ycA,TracheophytaDivision,Mx4rwQrbYpwpEbGdrcN5Y29ycA,Plant-NonWoody
Academic administrators,Mx4rvViu3JwpEbGdrcN5Y29ycA,Administrator
Trade secrets,Mx4rvViAqJwpEbGdrcN5Y29ycA,PropositionalInformationThing
Scale insects,Mx4rvVi495wpEbGdrcN5Y29ycA,Insect
Monocot genera,Mx4rvVian5wpEbGdrcN5Y29ycA,BiologicalGenus
Bugle calls,Mx4rvVjJhJwpEbGdrcN5Y29ycA,Signal
Engine cooling systems,Mx4rcNoo_rtWEdmAAAACs6hRjg,InstrumentalArtifact
Large integers,Mx4rvVieEpwpEbGdrcN5Y29ycA,Integer
Solar telescopes,Mx4rwQCMa5wpEbGdrcN5Y29ycA,Telescope
Shopping bags,Mx4rvViVAJwpEbGdrcN5Y29ycA,Bag
Stamp dealers,Mx8Ngh4rwBtg95wpEbGdrcN5Y29ycB4rvVjT3ZwpEbGdrcN5Y29ycA,"[:BelieverFn, :Capitalism]"
Tightrope walkers,Mx4rvVi--5wpEbGdrcN5Y29ycA,Athlete
Hunting dogs,Mx4rvVjaoJwpEbGdrcN5Y29ycA,Dog
Abstract artists,Mx4rvVisSZwpEbGdrcN5Y29ycA,Painter-FineArtist
Antineoplastic drugs,Mx4rv8FjPpwpEbGdrcN5Y29ycA,DrugSubstance
Surveying instruments,Mx4rTMBVhL2oEdmAAAACs6hRjg,DeviceRequiringSkillForProperUse
Magnetic monopoles,Mx4rvVjbdJwpEbGdrcN5Y29ycA,SubAtomicParticle
Carriage houses,Mx4rvVigNpwpEbGdrcN5Y29ycA,HumanOccupationConstruct
Porphyritic rocks,Mx4rwPKi3JwpEbGdrcN5Y29ycA,IgneousRock
Growing Pains,Mx4rwQwW_pwpEbGdrcN5Y29ycA,PhysiologicalConditionType,Mx4rvViC_pwpEbGdrcN5Y29ycA,FeelingAttribute,Mx4r2wb56Mb4EdmAAAACs6hRjg,Cognition
Chemical reactors,Mx4rcNoo_rtWEdmAAAACs6hRjg,InstrumentalArtifact
Police academies,Mx4rpo0ncHqGQdeOwLvZU0r7Hw,SchoolInstitution
Maternity hospitals,Mx4rvVjptJwpEbGdrcN5Y29ycA,HospitalBuilding
Old World orioles,Mx4rvVi8SJwpEbGdrcN5Y29ycA,Bird
Linear operators,Mx4rvVxAsJwpEbGdrcN5Y29ycA,Function-Denotational
Chief justices,Mx4rvVi68pwpEbGdrcN5Y29ycA,Judge
Tax collectors,Mx4rwQryspwpEbGdrcN5Y29ycA,PublicOfficial
Auction houses,Mx4rvVjQNpwpEbGdrcN5Y29ycA,Business
Legal professions,Mx4rJVcwwrZqEdmFRAACs6hRjg,Gathering-SocialGroup
Textile mills,Mx4rvVjiX5wpEbGdrcN5Y29ycA,FactoryBuilding
Manor houses,Mx4r2J8aEDoYQdeOaOCauMufaA,Mansion
Pleurothallis,Mx4rvVifepwpEbGdrcN5Y29ycA,Orchid
Stelis,Mx4rvVifepwpEbGdrcN5Y29ycA,Orchid
Honey plants,Mx4rvVjCo5wpEbGdrcN5Y29ycA,Vine-Plant
Projective tests,Mx4rvt-JvpwpEbGdrcN5Y29ycA,AcademicTesting
Ares,Mx4rvVjrCJwpEbGdrcN5Y29ycA,God
Revenue stamps,Mx4rvVibNJwpEbGdrcN5Y29ycA,Paper
Marathon runners,Mx4rvVkEZZwpEbGdrcN5Y29ycA,Runner
Baked goods,Mx4rvVjElJwpEbGdrcN5Y29ycA,SolidTangibleThing
Tidal bores,Mx4rvVkEhJwpEbGdrcN5Y29ycA,FluidFlow-Translation
Mammal families,Mx4rvVjLLJwpEbGdrcN5Y29ycA,BiologicalFamily
Trotters,Mx4rvVi-k5wpEbGdrcN5Y29ycA,Foot-AnimalBodyPart,Mx4rdDJ92McaEdmAAAACs6hRjg,Racehorse
Rose gardens,Mx4rvVjv75wpEbGdrcN5Y29ycA,Garden
60 Minutes,Mx4rvVjrNJwpEbGdrcN5Y29ycA,HoursDuration
Time signals,Mx4rvVjJhJwpEbGdrcN5Y29ycA,Signal
Molecular formulas,Mx4rvWIKZpwpEbGdrcN5Y29ycA,Statement
Satyr plays,Mx4rvVkEx5wpEbGdrcN5Y29ycA,TextualMaterial
Management consultants,Mx4rwP3EHJwpEbGdrcN5Y29ycA,Consultant
Aerial torpedoes,Mx4rveJnI5wpEbGdrcN5Y29ycA,Torpedo
Cotton rats,Mx4rvVkI8pwpEbGdrcN5Y29ycA,Rodent
Eating utensils,Mx4rvViKCJwpEbGdrcN5Y29ycA,SilverwarePiece
Clinical psychologists,Mx4rwfM85MsUEdmAAAACs6hRjg,Expert
Rack railways,Mx4rwQr0aZwpEbGdrcN5Y29ycA,RailwayOrganization
Cargo liners,Mx4rwQCIw5wpEbGdrcN5Y29ycA,OceanLiner
Chinchilla rats,Mx4rvVkI8pwpEbGdrcN5Y29ycA,Rodent
Bank failures,Mx4rqs8mVL8bEdmAAAACs6hRjg,AttributeCharacteristicOfAnEntity
Almond cookies,Mx4rvViDSJwpEbGdrcN5Y29ycA,Cookie
Printing processes,Mx4rvVkLV5wpEbGdrcN5Y29ycA,TextMarking
Ice fields,Mx4rvVjOh5wpEbGdrcN5Y29ycA,LandTopographicalFeature
Candelabra,Mx4rvVjHL5wpEbGdrcN5Y29ycA,PhysicalDevice
Religious songs,Mx4rvs1UZpwpEbGdrcN5Y29ycA,GospelMusic
Volcanic craters,Mx4rvVjOh5wpEbGdrcN5Y29ycA,LandTopographicalFeature
Excise taxes,Mx4rqDyJbM35EdmAAAACs6hRjg,ExciseTax-COC
Flour mills,Mx4rvVjHqJwpEbGdrcN5Y29ycA,GrindingDevice
Volcanic rocks,Mx4rwPKi3JwpEbGdrcN5Y29ycA,IgneousRock
Plutonic rocks,Mx4rwPKi3JwpEbGdrcN5Y29ycA,IgneousRock
Battle cries,Mx4rvVi2Z5wpEbGdrcN5Y29ycA,Screaming,Mx4rvVi_gpwpEbGdrcN5Y29ycA,Speaking
Steam boilers,Mx4rwU6bAZwpEbGdrcN5Y29ycA,Boiler-Device
Dire Straits,Mx4rqs8mVL8bEdmAAAACs6hRjg,AttributeCharacteristicOfAnEntity
Petroleum geologists,Mx4rvVi4hZwpEbGdrcN5Y29ycA,Geologist
Salicylic acids,Mx4rES1yRgrWEdaAAABQ2sS97g,AcidType
Haemolytic anaemias,Mx4r9WXxBnS_EdaAAACgyZzFrg,Anemic
Select committees,Mx4rvaG5hJwpEbGdrcN5Y29ycA,Committee-Organization
Standing committees,Mx4rvaG5hJwpEbGdrcN5Y29ycA,Committee-Organization
Nicotinic acids,Mx4rvVi8wpwpEbGdrcN5Y29ycA,Vitamin
Government bonds,Mx4rvViexZwpEbGdrcN5Y29ycA,Communicating
Coal miners,Mx4rvVjsQZwpEbGdrcN5Y29ycA,Employee
Autosomal dominant disorders,Mx4rv6WBtZwpEbGdrcN5Y29ycA,DiseaseType
All Fours,Mx4rwRZ4-5wpEbGdrcN5Y29ycA,AllFours-CardGame
Flying saucers,Mx4rvVjaypwpEbGdrcN5Y29ycA,MentalInformation
Tribal chiefs,Mx4rwQr5eJwpEbGdrcN5Y29ycA,Leader
Party favors,Mx4rvVj27ZwpEbGdrcN5Y29ycA,PartiallyTangible
Alkyl groups,Mx4rvVi255wpEbGdrcN5Y29ycA,SomethingExisting
Market towns,Mx4rvuXm9JwpEbGdrcN5Y29ycA,Town
Nephthytis,Mx4rwQrbYpwpEbGdrcN5Y29ycA,Plant-NonWoody
Billiard halls,Mx4rvVifspwpEbGdrcN5Y29ycA,RoomInAConstruction
Cigarette holders,Mx4rvVjHL5wpEbGdrcN5Y29ycA,PhysicalDevice
Epacris,Mx4rvViaLZwpEbGdrcN5Y29ycA,Bush
Steam turbines,Mx4rvWbBnpwpEbGdrcN5Y29ycA,TurbineEngine
Relational database management systems,Mx4rwJxiRJwpEbGdrcN5Y29ycA,ComputerProgram-CW
Potter wasps,Mx4rvVi8MZwpEbGdrcN5Y29ycA,Wasp
Seventh chords,Mx4raicd7M3oEdmAAAACs6hRjg,Notation-CommunicationConvention
Withholding taxes,Mx4rwEVuCJwpEbGdrcN5Y29ycA,PersonalIncomeTax
Filename extensions,Mx4rvo5pTJwpEbGdrcN5Y29ycA,Series
Rounders,Mx4rvVix1pwpEbGdrcN5Y29ycA,BaseballGame
Pumping stations,Mx4rvVigNpwpEbGdrcN5Y29ycA,HumanOccupationConstruct
Tall tales,Mx4rwITjK5wpEbGdrcN5Y29ycA,Message-CW
Nerve plexus,Mx4rvViAHJwpEbGdrcN5Y29ycA,AnimalBodyPart
Reverse transcriptase inhibitors,Mx4rv8FjPpwpEbGdrcN5Y29ycA,DrugSubstance
Street people,Mx4rvViAkpwpEbGdrcN5Y29ycA,Person
Map collections,Mx4rvVjKoJwpEbGdrcN5Y29ycA,ReferenceWork
Summer schools,Mx4rvViAw5wpEbGdrcN5Y29ycA,TimeInterval
Breathing apparatus,Mx4rvVjHL5wpEbGdrcN5Y29ycA,PhysicalDevice
Least squares,Mx4r-c445joZQdeL9clHkSkN2A,TechniqueType
Wedding gifts,Mx4rv8NRy5wpEbGdrcN5Y29ycA,interestRate
Velar consonants,Mx4rvViAzZwpEbGdrcN5Y29ycA,Relation
Diggers,Mx4rvVjsQZwpEbGdrcN5Y29ycA,Employee,Mx4rvVjVgZwpEbGdrcN5Y29ycA,MechanicalDevice
Ranters,Mx4rvViG_JwpEbGdrcN5Y29ycA,Lecturer
Distress signals,Mx4rmU8oNM39EdmAAAACs6hRjg,DistressSignal-PCW
Acyl groups,Mx4rvVi255wpEbGdrcN5Y29ycA,SomethingExisting
Hydroxybenzoic acids,Mx4rES1yRgrWEdaAAABQ2sS97g,AcidType
Ecclesiastical provinces,Mx4rwLW-jpwpEbGdrcN5Y29ycA,Environment-Generic
Riot guns,Mx4rwQCXyZwpEbGdrcN5Y29ycA,Handgun
Nose flutes,Mx4rwQrtNZwpEbGdrcN5Y29ycA,Flute
Automatic rifles,Mx4rvWC875wpEbGdrcN5Y29ycA,AutomaticFirearm
Tank locomotives,Mx4rvZJQDJwpEbGdrcN5Y29ycA,TrainEngine
Phase transitions,Mx4rvVi255wpEbGdrcN5Y29ycA,SomethingExisting
Stamp collections,Mx4rvVjmoJwpEbGdrcN5Y29ycA,Group,Mx8Ngh4rvViympwpEbGdrcN5Y29ycB4rvVjmoJwpEbGdrcN5Y29ycA,"[:MakingAvailableFn, :Group]"
Military courts,Mx4rwIt59JwpEbGdrcN5Y29ycA,Court-Judicial
Penny dreadfuls,Mx4rvViJb5wpEbGdrcN5Y29ycA,Novel-CW
Turret clocks,Mx4rvVjz8pwpEbGdrcN5Y29ycA,Clock
Chaenactis,Mx4rwQrbYpwpEbGdrcN5Y29ycA,Plant-NonWoody
Graphical user interfaces,Mx4rvp3dOpwpEbGdrcN5Y29ycA,GraphicalUserInterfaceProgram
User interfaces,Mx4rv405spwpEbGdrcN5Y29ycA,UserInterfaceProgram
Metric spaces,Mx4rS9kMxmVbQdeRjr0jkUDKsw,SpatialQuantity
Insurance underwriters,Mx4rvVkFd5wpEbGdrcN5Y29ycA,FinancialOrganization
Vaudeville theaters,Mx4rvVifNJwpEbGdrcN5Y29ycA,Theater-PhysicalStructure
Traction engines,Mx4rvZJQDJwpEbGdrcN5Y29ycA,TrainEngine
Genre painters,Mx4rvVisSZwpEbGdrcN5Y29ycA,Painter-FineArtist
Gnostics,Mx4rkpnEysksEdmAAAACs6hRjg,Advocate
Skin tests,Mx4rvViNqpwpEbGdrcN5Y29ycA,AnimalActivity
Flea markets,Mx4rvwOhvBFxQdiAYLsFeXFZ0w,Marketplace-Object
Early warning systems,Mx4rcNoo_rtWEdmAAAACs6hRjg,InstrumentalArtifact
String orchestras,Mx4rvVjq95wpEbGdrcN5Y29ycA,Orchestra
ETA,Mx4rvV7MhJwpEbGdrcN5Y29ycA,TerroristGroup,Mx4rwA1vh5wpEbGdrcN5Y29ycA,Letter-Alphabetic
Field guns,Mx4rwQCPLJwpEbGdrcN5Y29ycA,FieldArtillery
Dental consonants,Mx4rvViAzZwpEbGdrcN5Y29ycA,Relation
Nasal consonants,Mx4rvViAzZwpEbGdrcN5Y29ycA,Relation
Sod houses,Mx4rvVih-5wpEbGdrcN5Y29ycA,House-Modern
State highways,Mx4rvVjVYZwpEbGdrcN5Y29ycA,Highway
Commercial treaties,Mx4rwD8ghJwpEbGdrcN5Y29ycA,Treaty
Idiopathic diseases,Mx4rwQw4WZwpEbGdrcN5Y29ycA,PhysiologicalCondition
Medical examiners,Mx4rwfM85MsUEdmAAAACs6hRjg,Expert
Near-death experiences,Mx4rvViADZwpEbGdrcN5Y29ycA,Event
Vacuum gauges,Mx4rTMBVhL2oEdmAAAACs6hRjg,DeviceRequiringSkillForProperUse
Golf strokes,Mx4rwHbtpZwpEbGdrcN5Y29ycA,HittingAGolfBall
Ejection seats,Mx4rvVjaDpwpEbGdrcN5Y29ycA,SeatingDeviceSeat
Technical analysts,Mx4rvViq2JwpEbGdrcN5Y29ycA,Analyst
Amusement arcades,Mx4rvViOaZwpEbGdrcN5Y29ycA,Path-Simple
Weather ships,Mx4rvVi-55wpEbGdrcN5Y29ycA,Watercraft
Inguinal hernias,Mx4rvXxMSpwpEbGdrcN5Y29ycA,Hernia
Diaphragmatic hernias,Mx4rvXxMSpwpEbGdrcN5Y29ycA,Hernia
Brain disorders,Mx4rwQw4WZwpEbGdrcN5Y29ycA,PhysiologicalCondition
Electronic musical instruments,Mx4rvVjI6JwpEbGdrcN5Y29ycA,MusicalInstrument
Armoured vehicles,Mx4rwHLvC5wpEbGdrcN5Y29ycA,WheeledTransportationDevice
Musk deer,Mx4rvVi-jpwpEbGdrcN5Y29ycA,Deer
Armored catfish,Mx4rvVjfU5wpEbGdrcN5Y29ycA,Fish
Cartilaginous fish,Mx4rvVjfU5wpEbGdrcN5Y29ycA,Fish
Street children,Mx4rvVjPMJwpEbGdrcN5Y29ycA,HumanChild
Gasterosteus,Mx4rvVian5wpEbGdrcN5Y29ycA,BiologicalGenus
Friends,Mx8NhB4rvcD6KJwpEbGdrcN5Y29ycB4rvViAkpwpEbGdrcN5Y29ycB4rvVi6bJwpEbGdrcN5Y29ycB4rvVinLZwpEbGdrcN5Y29ycA,"[:SubcollectionOfWithRelationFromTypeFn, :Person, :likesAsFriend, :""PerceptualAgent-Embodied""]",Mx4rFDzq4Ly6EdmAAAACs6hRjg,Associate,Mx4rvVi-tpwpEbGdrcN5Y29ycA,acquaintedWith,Mx4rkpnEysksEdmAAAACs6hRjg,Advocate,Mx4rwQB295wpEbGdrcN5Y29ycA,ChristianPerson
Electrolytic cells,Mx4rvVjUUZwpEbGdrcN5Y29ycA,ElectricalDevice
Galvanic cells,Mx4rvVjUUZwpEbGdrcN5Y29ycA,ElectricalDevice
Quarter days,Mx4rwQBhnZwpEbGdrcN5Y29ycA,ChristianHoliday
Saltworks,Mx4rvVidpZwpEbGdrcN5Y29ycA,ConstructionArtifact
Criminal records,Mx4rvVjYvpwpEbGdrcN5Y29ycA,List-Information
Starets,Mx4rwP3EHJwpEbGdrcN5Y29ycA,Consultant
Flying boats,Mx4rwQCIVJwpEbGdrcN5Y29ycA,FloatPlane
Training ships,Mx4rvVirIJwpEbGdrcN5Y29ycA,Ship
Jack mackerels,Mx4rvVjfU5wpEbGdrcN5Y29ycA,Fish
Quarter tones,Mx4raicd7M3oEdmAAAACs6hRjg,Notation-CommunicationConvention
Remittance men,Mx4rvViAkpwpEbGdrcN5Y29ycA,Person
Mathematical proofs,Mx4rSWT4ar1qEdmAAAACs6hRjg,Evidence-Indication
Silver Jubilees,Mx4rLf2KwM3qEdmAAAACs6hRjg,ObservanceDay
Trestle bridges,Mx4rvgD1IZwpEbGdrcN5Y29ycA,Bridge
Nonlinear systems,Mx4rvVjmoJwpEbGdrcN5Y29ycA,Group
Military hospitals,Mx4rvVjptJwpEbGdrcN5Y29ycA,HospitalBuilding
Rock gardens,Mx4rvVjv75wpEbGdrcN5Y29ycA,Garden
Culinary arts,Mx4rvWESd5wpEbGdrcN5Y29ycA,IntrinsicStateChangeEvent
Sand paintings,Mx4rvVjHfpwpEbGdrcN5Y29ycA,Painting-ArtForm
Mixed economies,Mx4rwI-mXpwpEbGdrcN5Y29ycA,EconomicSystem
Electoral colleges,Mx4rJVcwwrZqEdmFRAACs6hRjg,Gathering-SocialGroup
Portrait painters,Mx4rvVisSZwpEbGdrcN5Y29ycA,Painter-FineArtist
Sibilant consonants,Mx4rvViAzZwpEbGdrcN5Y29ycA,Relation
Labiodental consonants,Mx4rvViAzZwpEbGdrcN5Y29ycA,Relation
Affricate consonants,Mx4rvViAzZwpEbGdrcN5Y29ycA,Relation
Binary systems,Mx4r_oqmUM30EdmAAAACs6hRjg,MathematicalNotation
Defence mechanisms,Mx4rvVi255wpEbGdrcN5Y29ycA,SomethingExisting
Cream sodas,Mx4rvVjR5pwpEbGdrcN5Y29ycA,SoftDrink
Clay sculptures,Mx4rvVis2pwpEbGdrcN5Y29ycA,Sculpture
Tank engines,Mx4rvZJQDJwpEbGdrcN5Y29ycA,TrainEngine
Inaugural addresses,Mx4rwOz-DJwpEbGdrcN5Y29ycA,PublicSpeaking
Music directors,Mx4rvVjXipwpEbGdrcN5Y29ycA,MusicalConductor
Pentatonic scales,Mx4raicd7M3oEdmAAAACs6hRjg,Notation-CommunicationConvention
Pharyngeal consonants,Mx4rvViAzZwpEbGdrcN5Y29ycA,Relation
Hunting lodges,Mx4rvVih-5wpEbGdrcN5Y29ycA,House-Modern
Folk ballads,Mx4rvuj-7pwpEbGdrcN5Y29ycA,FolkMusic
Diesel-hydraulic locomotives,Mx4rvZJQDJwpEbGdrcN5Y29ycA,TrainEngine
Military expeditions,Mx4r-Xp3KsiMEdmAAAACs6hRjg,Campaign-MilitaryOperation
Voiceless consonants,Mx4rvViAzZwpEbGdrcN5Y29ycA,Relation
Archerfish,Mx4rvVjfU5wpEbGdrcN5Y29ycA,Fish
Bowling alleys,Mx4rvVigNpwpEbGdrcN5Y29ycA,HumanOccupationConstruct,Mx4rvuh8yZwpEbGdrcN5Y29ycA,Path-Customary
Ulama,Mx4rJVcwwrZqEdmFRAACs6hRjg,Gathering-SocialGroup
Shipwreck survivors,Mx4rVeQcassREdmAAAACs6hRjg,UnfortunatePerson
Motor torpedo boats,Mx4rvVirIJwpEbGdrcN5Y29ycA,Ship
Martello towers,Mx4rvVjyDJwpEbGdrcN5Y29ycA,FortTheShelterRegion
Phaius,Mx4rvVifepwpEbGdrcN5Y29ycA,Orchid
Bulletin board systems,Mx4rvVjXzZwpEbGdrcN5Y29ycA,Computer
Geometric series,Mx4rvVxAsJwpEbGdrcN5Y29ycA,Function-Denotational
Linguistic universals,Mx4rcAmbiMb8EdmAAAACs6hRjg,Concept
Ring roads,Mx4rvVjVYZwpEbGdrcN5Y29ycA,Highway
Fungus orders,Mx4rvVjjKZwpEbGdrcN5Y29ycA,BiologicalOrder
Continental shelves,Mx4rMdwrBAMxQdiaCcmY2DgFlw,Depression-Topographical
Psychological states,Mx4rqs8mVL8bEdmAAAACs6hRjg,AttributeCharacteristicOfAnEntity
Public defenders,Mx4rvVjLMJwpEbGdrcN5Y29ycA,Lawyer
Index fossils,Mx4rwFdI3ZwpEbGdrcN5Y29ycA,Fossil
Designer drugs,Mx4rvbiCk5wpEbGdrcN5Y29ycA,PsychoactiveAgent
People of color,Mx4rvVjmoJwpEbGdrcN5Y29ycA,Group
Diplomatic services,Mx4rJVcwwrZqEdmFRAACs6hRjg,Gathering-SocialGroup
Outer planets,Mx4rvVjRL5wpEbGdrcN5Y29ycA,Planet
Rotary engines,Mx4rvViyXpwpEbGdrcN5Y29ycA,InternalCombustionEngine
Optical instruments,Mx4rTMBVhL2oEdmAAAACs6hRjg,DeviceRequiringSkillForProperUse
House organs,Mx4rvaipZJwpEbGdrcN5Y29ycA,PeriodicalSeries
Soup kitchens,Mx4rQjPWFMh5EdmAAAACs6hRjg,Institution
Gender roles,Mx4rvViNqpwpEbGdrcN5Y29ycA,AnimalActivity
Image scanners,Mx4rvViQlZwpEbGdrcN5Y29ycA,ElectronicDevice
Dress codes,Mx4r0VzrzrvVEdmAAAACs6hRjg,WrittenCodeOfConduct
Cat fanciers,Mx4rvViAkpwpEbGdrcN5Y29ycA,Person
Animal orders,Mx4rvVjjKZwpEbGdrcN5Y29ycA,BiologicalOrder
Trial lawyers,Mx4rvVjLMJwpEbGdrcN5Y29ycA,Lawyer
Mammal genera,Mx4rvVian5wpEbGdrcN5Y29ycA,BiologicalGenus
Fish families,Mx4rvVjLLJwpEbGdrcN5Y29ycA,BiologicalFamily
Fish genera,Mx4rvVian5wpEbGdrcN5Y29ycA,BiologicalGenus
Autonomic ganglia,Mx4rvViAHJwpEbGdrcN5Y29ycA,AnimalBodyPart
Solar calendars,Mx4rilOaesfiEdmAAAACs6hRjg,SolarCalendar
Tarsal bones,Mx4rvVkCG5wpEbGdrcN5Y29ycA,Bone-BodyPart
Suffragan bishops,Mx4rvVrx15wpEbGdrcN5Y29ycA,Priest
Elephant birds,Mx4rvVi8SJwpEbGdrcN5Y29ycA,Bird
Gas engines,Mx4rvViyXpwpEbGdrcN5Y29ycA,InternalCombustionEngine
Strike-slip faults,Mx4rvViduZwpEbGdrcN5Y29ycA,Fault-Topographical
Lymphatic tissue,Mx4rvViAHJwpEbGdrcN5Y29ycA,AnimalBodyPart
Bird genera,Mx4rvVian5wpEbGdrcN5Y29ycA,BiologicalGenus
Price controls,Mx4rvVj1_pwpEbGdrcN5Y29ycA,OrganizationPolicy
Red giants,Mx4rvVi80ZwpEbGdrcN5Y29ycA,Star
Linguistic atlases,Mx4rvVjKoJwpEbGdrcN5Y29ycA,ReferenceWork
General assemblies,Mx4rQrM4nMsbEdmAAAACs6hRjg,Assembly-SocialGroup,Mx4rteh8Dh5sQdeGx9CE3Izj5w,LegislativeOrganization
Euro,Mx4rvViDxZwpEbGdrcN5Y29ycA,UnitOfMoney
Pollock,Mx4rvVisSZwpEbGdrcN5Y29ycA,Painter-FineArtist,Mx4rvVjElJwpEbGdrcN5Y29ycA,SolidTangibleThing,Mx4rvVjfU5wpEbGdrcN5Y29ycA,Fish
Rhubarb,Mx4rvVjqzZwpEbGdrcN5Y29ycA,Vegetable-Food,Mx4rwQrbYpwpEbGdrcN5Y29ycA,Plant-NonWoody
Canticles,Mx4rvVjmq5wpEbGdrcN5Y29ycA,Book-CW
Patron saints,Mx4rvViAkpwpEbGdrcN5Y29ycA,Person
Rowing boats,Mx4rvgEYsJwpEbGdrcN5Y29ycA,Rowboat
Venomous lizards,Mx4rvVjwr5wpEbGdrcN5Y29ycA,Lizard
City managers,Mx4rwQrzr5wpEbGdrcN5Y29ycA,Mayor
Signal boxes,Mx4rvVigNpwpEbGdrcN5Y29ycA,HumanOccupationConstruct
Polar regions,Mx4rvViACZwpEbGdrcN5Y29ycA,GeographicalRegion
Mujahideen,Mx4rwPlCtpwpEbGdrcN5Y29ycA,MilitaryUnitTypeByEchelon
Sensory systems,Mx4rvh57iJwpEbGdrcN5Y29ycA,AgentCapacityQuantity,Mx4rvViAHJwpEbGdrcN5Y29ycA,AnimalBodyPart
Communications protocols,Mx4rvViVx5wpEbGdrcN5Y29ycA,CodeOfConduct
